[{"model": "auth.user", "pk": 12, "fields": {"password": "pbkdf2_sha256$24000$2FzDbDmGdhY4$jNTbEGGKJtHKttcO4+TPcQ+kvMT03pz6rDf01PbNK4k=", "last_login": "2016-07-05T09:37:01.220Z", "is_superuser": true, "username": "kunal", "first_name": "", "last_name": "", "email": "", "is_staff": true, "is_active": true, "date_joined": "2016-07-03T21:15:00.352Z", "groups": [], "user_permissions": []}}, {"model": "auth.user", "pk": 13, "fields": {"password": "pbkdf2_sha256$24000$1VVdNx5r19YM$DnJ6dKz8Xg3hg/CnSpVddXFapX+fjZzH2PqqlNHery4=", "last_login": "2016-07-05T11:40:30.871Z", "is_superuser": false, "username": "TeamLeader", "first_name": "", "last_name": "", "email": "larrypage.google@gmail.com", "is_staff": false, "is_active": true, "date_joined": "2016-07-03T21:18:04.508Z", "groups": [], "user_permissions": []}}, {"model": "sessions.session", "pk": "vvil16u1z2brbpum21nezfh40tf731zr", "fields": {"session_data": "OGFjYzVkZjFhOGQxMTJkYTA0Yzk3NzgwNWU1ZmE2NjUxOTA0MmE5Mzp7Il9hdXRoX3VzZXJfaGFzaCI6IjlhOTY3ZGUyZjBjMjc0MDYxM2ZjODhmZDk4MjM4YmNmNmMxOWM0MWEiLCJfYXV0aF91c2VyX2lkIjoiMTMiLCJfYXV0aF91c2VyX2JhY2tlbmQiOiJkamFuZ28uY29udHJpYi5hdXRoLmJhY2tlbmRzLk1vZGVsQmFja2VuZCJ9", "expire_date": "2016-07-19T11:40:31.051Z"}}, {"model": "company.company", "pk": 11, "fields": {"company_name": "analytics vidhya", "slug": "analytics-vidhya", "company_website": "http://analyticsvidhya.com", "company_desc": "lorumipsumlorumipsumlorumipsumlorumipsumlorumipsumlorumipsumlorumipsumlorumipsumlorumipsumlorumipsumlorumipsumlorumipsumlorumipsumlorumipsumlorumipsumlorumipsumlorumipsumlorumipsumlorumipsumlorumipsumlorumipsumlorumipsumlorumipsumlorumipsumlorumipsumlorumipsumlorumipsumlorumipsumlorumipsumlorumipsumlorumipsumlorumipsumlorumipsumlorumipsumlorumipsumlorumipsumlorumipsumlorumipsumlorumipsumlorumipsumlorumipsumlorumipsumlorumipsumlorumipsumlorumipsumlorumipsumlorumipsumlorumipsumlorumipsumlorumipsumlorumipsumlorumipsumlorumipsumlorumipsumlorumipsumlorumipsumlorumipsumlorumipsumlorumipsumlorumipsumlorumipsumlorumipsumlorumipsumlorumipsumlorumipsumlorumipsumlorumipsumlorumipsumlorumipsumlorumipsumlorumipsumlorumipsumlorumipsumlorumipsumlorumipsumlorumipsumlorumipsumlorumipsumlorumipsumlorumipsumlorumipsumlorumipsumlorumipsumlorumipsumlorumipsumlorumipsumlorumipsumlorumipsumlorumipsumlorumipsumlorumipsumlorumipsumlorumipsumlorumipsum", "company_logo": "company_logo/analyticsvidhya_ifz0VBU.jpg", "contact_no": 7724915909, "email": "kunal.jain@analyticsvidhya.com"}}, {"model": "jobs.joblisting", "pk": 1, "fields": {"company": 11, "job_title": 24, "slug": "backend-developer", "job_type": "fulltime", "job_desc": "kkaaaaaaaaaaaaaaaaaaaaaaaaaa", "job_min_ctc": 4, "job_max_ctc": 10, "job_min_exp": 5, "job_max_exp": 15, "job_location": 19, "pub_date": "2016-07-03T21:29:28.472Z", "last_updated_date": "2016-07-03T21:29:28.472Z", "job_no_of_applications": 2}}, {"model": "jobs.joblisting", "pk": 2, "fields": {"company": 11, "job_title": 25, "slug": "data-scientist", "job_type": "intern", "job_desc": "lorumipsumlorumipsumlorumipsumlorumipsumlorumipsumlorumipsumlorumipsumlorumipsumlorumipsumlorumipsumlorumipsumlorumipsumlorumipsumlorumipsumlorumipsumlorumipsumlorumipsumlorumipsumlorumipsumlorumipsumlorumipsumlorumipsumlorumipsumlorumipsumlorumipsumlorumipsumlorumipsumlorumipsumlorumipsumlorumipsumlorumipsumlorumipsumlorumipsumlorumipsumlorumipsumlorumipsumlorumipsum", "job_min_ctc": 4, "job_max_ctc": 8, "job_min_exp": 4, "job_max_exp": 7, "job_location": 19, "pub_date": "2016-07-03T21:37:47.922Z", "last_updated_date": "2016-07-03T21:37:47.922Z", "job_no_of_applications": 1}}, {"model": "jobs.jobapplications", "pk": 1, "fields": {"jobseeker": 14, "job": 1, "directly_visited": null, "mail_sent_at": "2016-07-04T05:54:20.575Z", "sms_sent_at": "2016-07-04T05:54:20.575Z", "viewed_at": "2016-07-04T05:54:20.575Z", "source_of_action": null, "time_of_action": "2016-07-04T05:54:20.575Z", "action_by_team_leader": "shortlisted"}}, {"model": "jobs.jobapplications", "pk": 2, "fields": {"jobseeker": 16, "job": 1, "directly_visited": null, "mail_sent_at": "2016-07-04T08:37:33.124Z", "sms_sent_at": "2016-07-04T08:37:33.124Z", "viewed_at": "2016-07-04T08:37:33.124Z", "source_of_action": null, "time_of_action": "2016-07-04T08:37:33.124Z", "action_by_team_leader": "shortlisted"}}, {"model": "jobs.jobapplications", "pk": 3, "fields": {"jobseeker": 17, "job": 2, "directly_visited": null, "mail_sent_at": "2016-07-05T11:33:11.924Z", "sms_sent_at": "2016-07-05T11:33:11.924Z", "viewed_at": "2016-07-05T11:33:11.924Z", "source_of_action": null, "time_of_action": "2016-07-05T11:33:11.924Z", "action_by_team_leader": "shortlisted"}}, {"model": "jobs.shortlistedcandidates", "pk": 1, "fields": {"mail_sent": true, "jobseeker": 16, "job": 1}}, {"model": "jobs.shortlistedcandidates", "pk": 2, "fields": {"mail_sent": true, "jobseeker": 14, "job": 1}}, {"model": "jobs.shortlistedcandidates", "pk": 3, "fields": {"mail_sent": true, "jobseeker": 17, "job": 2}}, {"model": "user_profile.userprofile", "pk": 8, "fields": {"user": 13, "user_type": "team_leader"}}, {"model": "jobseeker.designation", "pk": 24, "fields": {"position": "Backend Developer"}}, {"model": "jobseeker.designation", "pk": 25, "fields": {"position": "Data Scientist"}}, {"model": "jobseeker.designation", "pk": 26, "fields": {"position": "Marketing Manager"}}, {"model": "jobseeker.designation", "pk": 27, "fields": {"position": "Solution Architecture"}}, {"model": "jobseeker.designation", "pk": 28, "fields": {"position": "Web Developer"}}, {"model": "jobseeker.jobseeker", "pk": 14, "fields": {"name": "RituRaj", "email": "ritu31195@gmail.com", "resume": "resume/resume2_2SlICcn.pdf", "profile_photo": "profile_photos/IMG_20160106_212332_XHNwm9J.jpg", "address": "gurgaon", "slug": "rituraj", "current_designation": 24, "current_employer": "analyticsvidhya.com", "dob": null, "nearest_city": "", "preferred_location": "", "ctc": "5.00", "expected_ctc": null, "profile_cover_pic": "/static/images/default_cover_picture.png", "contact_number": "", "ug_course": "Btech", "ug_passing_year": "2017", "ug_institute_name": "Jaypee University", "pg_course": "", "correct_pg_course": "", "pg_passing_year": "2020", "pg_institute_name": "Stanford", "about_me": "", "work_exp": 6, "analytics_in_exp": 4, "current_location": 19, "corrected_location": 21}}, {"model": "jobseeker.jobseeker", "pk": 15, "fields": {"name": "Kunal Jain", "email": "kunal.kain@analyticsvidhya.com", "resume": "", "profile_photo": "/static/images/default_profile_picture.png", "address": "Gurgaon", "slug": "kunal-jain", "current_designation": 25, "current_employer": "analyticsvidhya.com", "dob": null, "nearest_city": "", "preferred_location": "", "ctc": "6.00", "expected_ctc": null, "profile_cover_pic": "/static/images/default_cover_picture.png", "contact_number": "", "ug_course": "Btech", "ug_passing_year": "2009", "ug_institute_name": "IIt Mumbai", "pg_course": "", "correct_pg_course": "", "pg_passing_year": null, "pg_institute_name": "", "about_me": "", "work_exp": 8, "analytics_in_exp": 3, "current_location": 19, "corrected_location": 20}}, {"model": "jobseeker.jobseeker", "pk": 16, "fields": {"name": "Sharan Lobana", "email": "sps27iitr@gmail.com", "resume": "", "profile_photo": "profile_photos/AAEAAQAAAAAAAAcJAAAAJDAzOTllYjYwLWI5MTUtNDk1NC1iNGExLTRiYTI4MTgzOGE5Mg_y9pCvHX.jpg", "address": "Gurgaon", "slug": "sharan-lobana", "current_designation": 24, "current_employer": "analyticsvidhya.com", "dob": null, "nearest_city": "", "preferred_location": "", "ctc": "6.00", "expected_ctc": null, "profile_cover_pic": "/static/images/default_cover_picture.png", "contact_number": "8602218669", "ug_course": "Btech", "ug_passing_year": "2018", "ug_institute_name": "IIT Roorkee", "pg_course": "", "correct_pg_course": "", "pg_passing_year": null, "pg_institute_name": "", "about_me": "Backend Developer", "work_exp": 8, "analytics_in_exp": 5, "current_location": 19, "corrected_location": 21}}, {"model": "jobseeker.jobseeker", "pk": 17, "fields": {"name": "Kunal Jain", "email": "ritu31195@gmail.com", "resume": "", "profile_photo": "/static/images/default_profile_picture.png", "address": "Gurgaon", "slug": "kunal-jain-2", "current_designation": 25, "current_employer": "analyticsvidhya.com", "dob": null, "nearest_city": "", "preferred_location": "", "ctc": "6.00", "expected_ctc": null, "profile_cover_pic": "/static/images/default_cover_picture.png", "contact_number": "", "ug_course": "Btech", "ug_passing_year": "1982", "ug_institute_name": "", "pg_course": "", "correct_pg_course": "", "pg_passing_year": null, "pg_institute_name": "", "about_me": "Data Scientist", "work_exp": 6, "analytics_in_exp": 5, "current_location": 19, "corrected_location": 21}}, {"model": "jobseeker.jobseeker", "pk": 18, "fields": {"name": "Prabhat Ranjan", "email": "ritu31195@gmail.com", "resume": "", "profile_photo": "/static/images/default_profile_picture.png", "address": "Gurgaon", "slug": "prabhat-ranjan", "current_designation": 24, "current_employer": "analyticsvidhya.com", "dob": null, "nearest_city": "", "preferred_location": "", "ctc": "6.00", "expected_ctc": null, "profile_cover_pic": "/static/images/default_cover_picture.png", "contact_number": "8602218669", "ug_course": "Btech", "ug_passing_year": "2044", "ug_institute_name": "", "pg_course": "", "correct_pg_course": "", "pg_passing_year": null, "pg_institute_name": "", "about_me": "", "work_exp": 6, "analytics_in_exp": 4, "current_location": 19, "corrected_location": 20}}, {"model": "taggit.tag", "pk": 4789, "fields": {"name": "strategy", "slug": "strategy"}}, {"model": "taggit.tag", "pk": 4790, "fields": {"name": "supply chain", "slug": "supply-chain"}}, {"model": "taggit.tag", "pk": 4791, "fields": {"name": "analytics", "slug": "analytics"}}, {"model": "taggit.tag", "pk": 4792, "fields": {"name": "data analysis", "slug": "data-analysis"}}, {"model": "taggit.tag", "pk": 4793, "fields": {"name": ".net", "slug": "net"}}, {"model": "taggit.tag", "pk": 4794, "fields": {"name": "six sigma", "slug": "six-sigma"}}, {"model": "taggit.tag", "pk": 4795, "fields": {"name": "statistics", "slug": "statistics"}}, {"model": "taggit.tag", "pk": 4796, "fields": {"name": "data mining", "slug": "data-mining"}}, {"model": "taggit.tag", "pk": 4797, "fields": {"name": "excel", "slug": "excel"}}, {"model": "taggit.tag", "pk": 4798, "fields": {"name": "sas", "slug": "sas"}}, {"model": "taggit.tag", "pk": 4799, "fields": {"name": "unix", "slug": "unix"}}, {"model": "taggit.tag", "pk": 4800, "fields": {"name": "time series", "slug": "time-series"}}, {"model": "taggit.tag", "pk": 4801, "fields": {"name": "regression", "slug": "regression"}}, {"model": "taggit.tag", "pk": 4802, "fields": {"name": "business analysis", "slug": "business-analysis"}}, {"model": "taggit.tag", "pk": 4803, "fields": {"name": "business intelligence", "slug": "business-intelligence"}}, {"model": "taggit.tag", "pk": 4804, "fields": {"name": "presales", "slug": "presales"}}, {"model": "taggit.tag", "pk": 4805, "fields": {"name": "retail", "slug": "retail"}}, {"model": "taggit.tag", "pk": 4806, "fields": {"name": "visual basic", "slug": "visual-basic"}}, {"model": "taggit.tag", "pk": 4807, "fields": {"name": "bcm", "slug": "bcm"}}, {"model": "taggit.tag", "pk": 4808, "fields": {"name": "sql", "slug": "sql"}}, {"model": "taggit.tag", "pk": 4809, "fields": {"name": "java", "slug": "java"}}, {"model": "taggit.tag", "pk": 4810, "fields": {"name": "qlikview", "slug": "qlikview"}}, {"model": "taggit.tag", "pk": 4811, "fields": {"name": "sales", "slug": "sales"}}, {"model": "taggit.tag", "pk": 4812, "fields": {"name": "marketing", "slug": "marketing"}}, {"model": "taggit.tag", "pk": 4813, "fields": {"name": "market research", "slug": "market-research"}}, {"model": "taggit.tag", "pk": 4814, "fields": {"name": "credit card anlysis", "slug": "credit-card-anlysis"}}, {"model": "taggit.tag", "pk": 4815, "fields": {"name": "teradata", "slug": "teradata"}}, {"model": "taggit.tag", "pk": 4816, "fields": {"name": "predictive modelling", "slug": "predictive-modelling"}}, {"model": "taggit.tag", "pk": 4817, "fields": {"name": "finance", "slug": "finance"}}, {"model": "taggit.tag", "pk": 4818, "fields": {"name": "oracle", "slug": "oracle"}}, {"model": "taggit.tag", "pk": 4819, "fields": {"name": "abap", "slug": "abap"}}, {"model": "taggit.tag", "pk": 4820, "fields": {"name": "access", "slug": "access"}}, {"model": "taggit.tag", "pk": 4821, "fields": {"name": "accounts", "slug": "accounts"}}, {"model": "taggit.tag", "pk": 4822, "fields": {"name": "activeperl", "slug": "activeperl"}}, {"model": "taggit.tag", "pk": 4823, "fields": {"name": "actuarial science", "slug": "actuarial-science"}}, {"model": "taggit.tag", "pk": 4824, "fields": {"name": "sql server", "slug": "sql-server"}}, {"model": "taggit.tag", "pk": 4825, "fields": {"name": "consulting", "slug": "consulting"}}, {"model": "taggit.tag", "pk": 4826, "fields": {"name": "networking", "slug": "networking"}}, {"model": "taggit.tag", "pk": 4827, "fields": {"name": "powerpoint", "slug": "powerpoint"}}, {"model": "taggit.tag", "pk": 4828, "fields": {"name": "query", "slug": "query"}}, {"model": "taggit.tag", "pk": 4829, "fields": {"name": "adwords", "slug": "adwords"}}, {"model": "taggit.tag", "pk": 4830, "fields": {"name": "afiliate marketing", "slug": "afiliate-marketing"}}, {"model": "taggit.tag", "pk": 4831, "fields": {"name": "email marketing", "slug": "email-marketing"}}, {"model": "taggit.tag", "pk": 4832, "fields": {"name": "agile", "slug": "agile"}}, {"model": "taggit.tag", "pk": 4833, "fields": {"name": "scrum", "slug": "scrum"}}, {"model": "taggit.tag", "pk": 4834, "fields": {"name": "agriculture", "slug": "agriculture"}}, {"model": "taggit.tag", "pk": 4835, "fields": {"name": "ajax", "slug": "ajax"}}, {"model": "taggit.tag", "pk": 4836, "fields": {"name": "algorithms", "slug": "algorithms"}}, {"model": "taggit.tag", "pk": 4837, "fields": {"name": "amazon web services", "slug": "amazon-web-services"}}, {"model": "taggit.tag", "pk": 4838, "fields": {"name": "tableau", "slug": "tableau"}}, {"model": "taggit.tag", "pk": 4839, "fields": {"name": "dashboarding", "slug": "dashboarding"}}, {"model": "taggit.tag", "pk": 4840, "fields": {"name": "mis", "slug": "mis"}}, {"model": "taggit.tag", "pk": 4841, "fields": {"name": "statistical modelling", "slug": "statistical-modelling"}}, {"model": "taggit.tag", "pk": 4842, "fields": {"name": "cloud computing", "slug": "cloud-computing"}}, {"model": "taggit.tag", "pk": 4843, "fields": {"name": "machine learning", "slug": "machine-learning"}}, {"model": "taggit.tag", "pk": 4844, "fields": {"name": "r", "slug": "r"}}, {"model": "taggit.tag", "pk": 4845, "fields": {"name": "embedded systems", "slug": "embedded-systems"}}, {"model": "taggit.tag", "pk": 4846, "fields": {"name": "mysql", "slug": "mysql"}}, {"model": "taggit.tag", "pk": 4847, "fields": {"name": "business development", "slug": "business-development"}}, {"model": "taggit.tag", "pk": 4848, "fields": {"name": "android development", "slug": "android-development"}}, {"model": "taggit.tag", "pk": 4849, "fields": {"name": "investment banking", "slug": "investment-banking"}}, {"model": "taggit.tag", "pk": 4850, "fields": {"name": "angular.js", "slug": "angularjs"}}, {"model": "taggit.tag", "pk": 4851, "fields": {"name": "apache", "slug": "apache"}}, {"model": "taggit.tag", "pk": 4852, "fields": {"name": "flume", "slug": "flume"}}, {"model": "taggit.tag", "pk": 4853, "fields": {"name": "hadoop", "slug": "hadoop"}}, {"model": "taggit.tag", "pk": 4854, "fields": {"name": "hive", "slug": "hive"}}, {"model": "taggit.tag", "pk": 4855, "fields": {"name": "mahout", "slug": "mahout"}}, {"model": "taggit.tag", "pk": 4856, "fields": {"name": "pig", "slug": "pig"}}, {"model": "taggit.tag", "pk": 4857, "fields": {"name": "poi", "slug": "poi"}}, {"model": "taggit.tag", "pk": 4858, "fields": {"name": "solr", "slug": "solr"}}, {"model": "taggit.tag", "pk": 4859, "fields": {"name": "spark", "slug": "spark"}}, {"model": "taggit.tag", "pk": 4860, "fields": {"name": "storm", "slug": "storm"}}, {"model": "taggit.tag", "pk": 4861, "fields": {"name": "tomcat", "slug": "tomcat"}}, {"model": "taggit.tag", "pk": 4862, "fields": {"name": "web server", "slug": "web-server"}}, {"model": "taggit.tag", "pk": 4863, "fields": {"name": "apex", "slug": "apex"}}, {"model": "taggit.tag", "pk": 4864, "fields": {"name": "security", "slug": "security"}}, {"model": "taggit.tag", "pk": 4865, "fields": {"name": "network security", "slug": "network-security"}}, {"model": "taggit.tag", "pk": 4866, "fields": {"name": "architure", "slug": "architure"}}, {"model": "taggit.tag", "pk": 4867, "fields": {"name": "software development", "slug": "software-development"}}, {"model": "taggit.tag", "pk": 4868, "fields": {"name": "application development", "slug": "application-development"}}, {"model": "taggit.tag", "pk": 4869, "fields": {"name": "spss", "slug": "spss"}}, {"model": "taggit.tag", "pk": 4870, "fields": {"name": "portfolio management", "slug": "portfolio-management"}}, {"model": "taggit.tag", "pk": 4871, "fields": {"name": "artificial intelligence", "slug": "artificial-intelligence"}}, {"model": "taggit.tag", "pk": 4872, "fields": {"name": "asp.net", "slug": "aspnet"}}, {"model": "taggit.tag", "pk": 4873, "fields": {"name": "azure", "slug": "azure"}}, {"model": "taggit.tag", "pk": 4874, "fields": {"name": "web development", "slug": "web-development"}}, {"model": "taggit.tag", "pk": 4875, "fields": {"name": "backend", "slug": "backend"}}, {"model": "taggit.tag", "pk": 4876, "fields": {"name": "backbone.js", "slug": "backbonejs"}}, {"model": "taggit.tag", "pk": 4877, "fields": {"name": "banking", "slug": "banking"}}, {"model": "taggit.tag", "pk": 4878, "fields": {"name": "insurance", "slug": "insurance"}}, {"model": "taggit.tag", "pk": 4879, "fields": {"name": "statistical analysis", "slug": "statistical-analysis"}}, {"model": "taggit.tag", "pk": 4880, "fields": {"name": "database", "slug": "database"}}, {"model": "taggit.tag", "pk": 4881, "fields": {"name": "insight", "slug": "insight"}}, {"model": "taggit.tag", "pk": 4882, "fields": {"name": "birt", "slug": "birt"}}, {"model": "taggit.tag", "pk": 4883, "fields": {"name": "j2ee", "slug": "j2ee"}}, {"model": "taggit.tag", "pk": 4884, "fields": {"name": "c++", "slug": "c"}}, {"model": "taggit.tag", "pk": 4885, "fields": {"name": "plc", "slug": "plc"}}, {"model": "taggit.tag", "pk": 4886, "fields": {"name": "big data", "slug": "big-data"}}, {"model": "taggit.tag", "pk": 4887, "fields": {"name": "data analytics", "slug": "data-analytics"}}, {"model": "taggit.tag", "pk": 4888, "fields": {"name": "bigsql", "slug": "bigsql"}}, {"model": "taggit.tag", "pk": 4889, "fields": {"name": "bioinformatics", "slug": "bioinformatics"}}, {"model": "taggit.tag", "pk": 4890, "fields": {"name": "biostatistics", "slug": "biostatistics"}}, {"model": "taggit.tag", "pk": 4891, "fields": {"name": "bootstrap", "slug": "bootstrap"}}, {"model": "taggit.tag", "pk": 4892, "fields": {"name": "operations management", "slug": "operations-management"}}, {"model": "taggit.tag", "pk": 4893, "fields": {"name": "health analytics", "slug": "health-analytics"}}, {"model": "taggit.tag", "pk": 4894, "fields": {"name": "business analytics", "slug": "business-analytics"}}, {"model": "taggit.tag", "pk": 4895, "fields": {"name": "web analytics", "slug": "web-analytics"}}, {"model": "taggit.tag", "pk": 4896, "fields": {"name": "business analyticsretail", "slug": "business-analyticsretail"}}, {"model": "taggit.tag", "pk": 4897, "fields": {"name": "sap", "slug": "sap"}}, {"model": "taggit.tag", "pk": 4898, "fields": {"name": "", "slug": ""}}, {"model": "taggit.tag", "pk": 4899, "fields": {"name": "card analytics", "slug": "card-analytics"}}, {"model": "taggit.tag", "pk": 4900, "fields": {"name": "sig sigma", "slug": "sig-sigma"}}, {"model": "taggit.tag", "pk": 4901, "fields": {"name": "classification", "slug": "classification"}}, {"model": "taggit.tag", "pk": 4902, "fields": {"name": "cloud applications", "slug": "cloud-applications"}}, {"model": "taggit.tag", "pk": 4903, "fields": {"name": "cloud", "slug": "cloud"}}, {"model": "taggit.tag", "pk": 4904, "fields": {"name": "clustering", "slug": "clustering"}}, {"model": "taggit.tag", "pk": 4905, "fields": {"name": "e-commerce", "slug": "e-commerce"}}, {"model": "taggit.tag", "pk": 4906, "fields": {"name": "computer vision", "slug": "computer-vision"}}, {"model": "taggit.tag", "pk": 4907, "fields": {"name": "ect", "slug": "ect"}}, {"model": "taggit.tag", "pk": 4908, "fields": {"name": "php", "slug": "php"}}, {"model": "taggit.tag", "pk": 4909, "fields": {"name": "card reconciliation", "slug": "card-reconciliation"}}, {"model": "taggit.tag", "pk": 4910, "fields": {"name": "communication", "slug": "communication"}}, {"model": "taggit.tag", "pk": 4911, "fields": {"name": "communication trainer", "slug": "communication-trainer"}}, {"model": "taggit.tag", "pk": 4912, "fields": {"name": "communications", "slug": "communications"}}, {"model": "taggit.tag", "pk": 4913, "fields": {"name": "credit analysis", "slug": "credit-analysis"}}, {"model": "taggit.tag", "pk": 4914, "fields": {"name": "underwriting", "slug": "underwriting"}}, {"model": "taggit.tag", "pk": 4915, "fields": {"name": "debt restructuring", "slug": "debt-restructuring"}}, {"model": "taggit.tag", "pk": 4916, "fields": {"name": "social responsibility", "slug": "social-responsibility"}}, {"model": "taggit.tag", "pk": 4917, "fields": {"name": "planning", "slug": "planning"}}, {"model": "taggit.tag", "pk": 4918, "fields": {"name": "correlation", "slug": "correlation"}}, {"model": "taggit.tag", "pk": 4919, "fields": {"name": "product development", "slug": "product-development"}}, {"model": "taggit.tag", "pk": 4920, "fields": {"name": "d3.js", "slug": "d3js"}}, {"model": "taggit.tag", "pk": 4921, "fields": {"name": "python", "slug": "python"}}, {"model": "taggit.tag", "pk": 4922, "fields": {"name": "stata", "slug": "stata"}}, {"model": "taggit.tag", "pk": 4923, "fields": {"name": "reporting", "slug": "reporting"}}, {"model": "taggit.tag", "pk": 4924, "fields": {"name": "visualization", "slug": "visualization"}}, {"model": "taggit.tag", "pk": 4925, "fields": {"name": "visualizaton", "slug": "visualizaton"}}, {"model": "taggit.tag", "pk": 4926, "fields": {"name": "matlab", "slug": "matlab"}}, {"model": "taggit.tag", "pk": 4927, "fields": {"name": "data architecture", "slug": "data-architecture"}}, {"model": "taggit.tag", "pk": 4928, "fields": {"name": "data intergration", "slug": "data-intergration"}}, {"model": "taggit.tag", "pk": 4929, "fields": {"name": "data management", "slug": "data-management"}}, {"model": "taggit.tag", "pk": 4930, "fields": {"name": "data warehousing", "slug": "data-warehousing"}}, {"model": "taggit.tag", "pk": 4931, "fields": {"name": "data science", "slug": "data-science"}}, {"model": "taggit.tag", "pk": 4932, "fields": {"name": "data structure", "slug": "data-structure"}}, {"model": "taggit.tag", "pk": 4933, "fields": {"name": "algorithm", "slug": "algorithm"}}, {"model": "taggit.tag", "pk": 4934, "fields": {"name": "data studio", "slug": "data-studio"}}, {"model": "taggit.tag", "pk": 4935, "fields": {"name": "telecom", "slug": "telecom"}}, {"model": "taggit.tag", "pk": 4936, "fields": {"name": "data validation", "slug": "data-validation"}}, {"model": "taggit.tag", "pk": 4937, "fields": {"name": "data visualization", "slug": "data-visualization"}}, {"model": "taggit.tag", "pk": 4938, "fields": {"name": "database management", "slug": "database-management"}}, {"model": "taggit.tag", "pk": 4939, "fields": {"name": "db2", "slug": "db2"}}, {"model": "taggit.tag", "pk": 4940, "fields": {"name": "datacenter", "slug": "datacenter"}}, {"model": "taggit.tag", "pk": 4941, "fields": {"name": "datastage", "slug": "datastage"}}, {"model": "taggit.tag", "pk": 4942, "fields": {"name": "dax", "slug": "dax"}}, {"model": "taggit.tag", "pk": 4943, "fields": {"name": "db testing", "slug": "db-testing"}}, {"model": "taggit.tag", "pk": 4944, "fields": {"name": "db", "slug": "db"}}, {"model": "taggit.tag", "pk": 4945, "fields": {"name": "crm", "slug": "crm"}}, {"model": "taggit.tag", "pk": 4946, "fields": {"name": "dba", "slug": "dba"}}, {"model": "taggit.tag", "pk": 4947, "fields": {"name": "dbms", "slug": "dbms"}}, {"model": "taggit.tag", "pk": 4948, "fields": {"name": "dca", "slug": "dca"}}, {"model": "taggit.tag", "pk": 4949, "fields": {"name": "dcf", "slug": "dcf"}}, {"model": "taggit.tag", "pk": 4950, "fields": {"name": "dcom", "slug": "dcom"}}, {"model": "taggit.tag", "pk": 4951, "fields": {"name": "dcs", "slug": "dcs"}}, {"model": "taggit.tag", "pk": 4952, "fields": {"name": "dcttc", "slug": "dcttc"}}, {"model": "taggit.tag", "pk": 4953, "fields": {"name": "dde", "slug": "dde"}}, {"model": "taggit.tag", "pk": 4954, "fields": {"name": "proc sql", "slug": "proc-sql"}}, {"model": "taggit.tag", "pk": 4955, "fields": {"name": "ddf", "slug": "ddf"}}, {"model": "taggit.tag", "pk": 4956, "fields": {"name": "debian", "slug": "debian"}}, {"model": "taggit.tag", "pk": 4957, "fields": {"name": "debit card", "slug": "debit-card"}}, {"model": "taggit.tag", "pk": 4958, "fields": {"name": "prepaid cards", "slug": "prepaid-cards"}}, {"model": "taggit.tag", "pk": 4959, "fields": {"name": "product management", "slug": "product-management"}}, {"model": "taggit.tag", "pk": 4960, "fields": {"name": "debt management", "slug": "debt-management"}}, {"model": "taggit.tag", "pk": 4961, "fields": {"name": "debugging", "slug": "debugging"}}, {"model": "taggit.tag", "pk": 4962, "fields": {"name": "decision analytics", "slug": "decision-analytics"}}, {"model": "taggit.tag", "pk": 4963, "fields": {"name": "decision science", "slug": "decision-science"}}, {"model": "taggit.tag", "pk": 4964, "fields": {"name": "decision tree", "slug": "decision-tree"}}, {"model": "taggit.tag", "pk": 4965, "fields": {"name": "decoding", "slug": "decoding"}}, {"model": "taggit.tag", "pk": 4966, "fields": {"name": "web technology", "slug": "web-technology"}}, {"model": "taggit.tag", "pk": 4967, "fields": {"name": "defect analysis", "slug": "defect-analysis"}}, {"model": "taggit.tag", "pk": 4968, "fields": {"name": "km processes", "slug": "km-processes"}}, {"model": "taggit.tag", "pk": 4969, "fields": {"name": "management", "slug": "management"}}, {"model": "taggit.tag", "pk": 4970, "fields": {"name": "programming", "slug": "programming"}}, {"model": "taggit.tag", "pk": 4971, "fields": {"name": "delivery management", "slug": "delivery-management"}}, {"model": "taggit.tag", "pk": 4972, "fields": {"name": "forecasting", "slug": "forecasting"}}, {"model": "taggit.tag", "pk": 4973, "fields": {"name": "derivatives", "slug": "derivatives"}}, {"model": "taggit.tag", "pk": 4974, "fields": {"name": "nism", "slug": "nism"}}, {"model": "taggit.tag", "pk": 4975, "fields": {"name": "mutual fund", "slug": "mutual-fund"}}, {"model": "taggit.tag", "pk": 4976, "fields": {"name": "design", "slug": "design"}}, {"model": "taggit.tag", "pk": 4977, "fields": {"name": "development", "slug": "development"}}, {"model": "taggit.tag", "pk": 4978, "fields": {"name": "\"analytics", "slug": "analytics_1"}}, {"model": "taggit.tag", "pk": 4979, "fields": {"name": "design\"", "slug": "design_1"}}, {"model": "taggit.tag", "pk": 4980, "fields": {"name": "validation engineering", "slug": "validation-engineering"}}, {"model": "taggit.tag", "pk": 4981, "fields": {"name": "analysis", "slug": "analysis"}}, {"model": "taggit.tag", "pk": 4982, "fields": {"name": "developer", "slug": "developer"}}, {"model": "taggit.tag", "pk": 4983, "fields": {"name": "server", "slug": "server"}}, {"model": "taggit.tag", "pk": 4984, "fields": {"name": "devexpress", "slug": "devexpress"}}, {"model": "taggit.tag", "pk": 4985, "fields": {"name": "device driver", "slug": "device-driver"}}, {"model": "taggit.tag", "pk": 4986, "fields": {"name": "device management", "slug": "device-management"}}, {"model": "taggit.tag", "pk": 4987, "fields": {"name": "device strategy", "slug": "device-strategy"}}, {"model": "taggit.tag", "pk": 4988, "fields": {"name": "dfa", "slug": "dfa"}}, {"model": "taggit.tag", "pk": 4989, "fields": {"name": "dfc", "slug": "dfc"}}, {"model": "taggit.tag", "pk": 4990, "fields": {"name": "dfp", "slug": "dfp"}}, {"model": "taggit.tag", "pk": 4991, "fields": {"name": "dfs", "slug": "dfs"}}, {"model": "taggit.tag", "pk": 4992, "fields": {"name": "dfsort", "slug": "dfsort"}}, {"model": "taggit.tag", "pk": 4993, "fields": {"name": "dfss", "slug": "dfss"}}, {"model": "taggit.tag", "pk": 4994, "fields": {"name": "dhcp", "slug": "dhcp"}}, {"model": "taggit.tag", "pk": 4995, "fields": {"name": "dhtml", "slug": "dhtml"}}, {"model": "taggit.tag", "pk": 4996, "fields": {"name": "dhw", "slug": "dhw"}}, {"model": "taggit.tag", "pk": 4997, "fields": {"name": "di", "slug": "di"}}, {"model": "taggit.tag", "pk": 4998, "fields": {"name": "dicom", "slug": "dicom"}}, {"model": "taggit.tag", "pk": 4999, "fields": {"name": "digital advertising", "slug": "digital-advertising"}}, {"model": "taggit.tag", "pk": 5000, "fields": {"name": "digital analytics", "slug": "digital-analytics"}}, {"model": "taggit.tag", "pk": 5001, "fields": {"name": "digital marketing", "slug": "digital-marketing"}}, {"model": "taggit.tag", "pk": 5002, "fields": {"name": "digital image processing", "slug": "digital-image-processing"}}, {"model": "taggit.tag", "pk": 5003, "fields": {"name": "digital radiography", "slug": "digital-radiography"}}, {"model": "taggit.tag", "pk": 5004, "fields": {"name": "sculptor", "slug": "sculptor"}}, {"model": "taggit.tag", "pk": 5005, "fields": {"name": "signal processing", "slug": "signal-processing"}}, {"model": "taggit.tag", "pk": 5006, "fields": {"name": "dimension", "slug": "dimension"}}, {"model": "taggit.tag", "pk": 5007, "fields": {"name": "ibm", "slug": "ibm"}}, {"model": "taggit.tag", "pk": 5008, "fields": {"name": "dipsticks", "slug": "dipsticks"}}, {"model": "taggit.tag", "pk": 5009, "fields": {"name": "directx", "slug": "directx"}}, {"model": "taggit.tag", "pk": 5010, "fields": {"name": "discriment analysis", "slug": "discriment-analysis"}}, {"model": "taggit.tag", "pk": 5011, "fields": {"name": "distribution management", "slug": "distribution-management"}}, {"model": "taggit.tag", "pk": 5012, "fields": {"name": "mapping", "slug": "mapping"}}, {"model": "taggit.tag", "pk": 5013, "fields": {"name": "django", "slug": "django"}}, {"model": "taggit.tag", "pk": 5014, "fields": {"name": "dm", "slug": "dm"}}, {"model": "taggit.tag", "pk": 5015, "fields": {"name": "dml", "slug": "dml"}}, {"model": "taggit.tag", "pk": 5016, "fields": {"name": "dmlo", "slug": "dmlo"}}, {"model": "taggit.tag", "pk": 5017, "fields": {"name": "dms", "slug": "dms"}}, {"model": "taggit.tag", "pk": 5018, "fields": {"name": "dnbi", "slug": "dnbi"}}, {"model": "taggit.tag", "pk": 5019, "fields": {"name": "dns", "slug": "dns"}}, {"model": "taggit.tag", "pk": 5020, "fields": {"name": "do", "slug": "do"}}, {"model": "taggit.tag", "pk": 5021, "fields": {"name": "business planning", "slug": "business-planning"}}, {"model": "taggit.tag", "pk": 5022, "fields": {"name": "docker", "slug": "docker"}}, {"model": "taggit.tag", "pk": 5023, "fields": {"name": "financing", "slug": "financing"}}, {"model": "taggit.tag", "pk": 5024, "fields": {"name": "documentation", "slug": "documentation"}}, {"model": "taggit.tag", "pk": 5025, "fields": {"name": "dojo", "slug": "dojo"}}, {"model": "taggit.tag", "pk": 5026, "fields": {"name": "dollar universe", "slug": "dollar-universe"}}, {"model": "taggit.tag", "pk": 5027, "fields": {"name": "dolphin", "slug": "dolphin"}}, {"model": "taggit.tag", "pk": 5028, "fields": {"name": "dom", "slug": "dom"}}, {"model": "taggit.tag", "pk": 5029, "fields": {"name": "doma", "slug": "doma"}}, {"model": "taggit.tag", "pk": 5030, "fields": {"name": "domain", "slug": "domain"}}, {"model": "taggit.tag", "pk": 5031, "fields": {"name": "domain consultant", "slug": "domain-consultant"}}, {"model": "taggit.tag", "pk": 5032, "fields": {"name": "&global support", "slug": "global-support"}}, {"model": "taggit.tag", "pk": 5033, "fields": {"name": "doors", "slug": "doors"}}, {"model": "taggit.tag", "pk": 5034, "fields": {"name": "dos", "slug": "dos"}}, {"model": "taggit.tag", "pk": 5035, "fields": {"name": "double click", "slug": "double-click"}}, {"model": "taggit.tag", "pk": 5036, "fields": {"name": "dq analyser", "slug": "dq-analyser"}}, {"model": "taggit.tag", "pk": 5037, "fields": {"name": "dr", "slug": "dr"}}, {"model": "taggit.tag", "pk": 5038, "fields": {"name": "drafting", "slug": "drafting"}}, {"model": "taggit.tag", "pk": 5039, "fields": {"name": "dream weaver", "slug": "dream-weaver"}}, {"model": "taggit.tag", "pk": 5040, "fields": {"name": "strategic initiatives", "slug": "strategic-initiatives"}}, {"model": "taggit.tag", "pk": 5041, "fields": {"name": "drp", "slug": "drp"}}, {"model": "taggit.tag", "pk": 5042, "fields": {"name": "drupal", "slug": "drupal"}}, {"model": "taggit.tag", "pk": 5043, "fields": {"name": "ds", "slug": "ds"}}, {"model": "taggit.tag", "pk": 5044, "fields": {"name": "dspace", "slug": "dspace"}}, {"model": "taggit.tag", "pk": 5045, "fields": {"name": "dss", "slug": "dss"}}, {"model": "taggit.tag", "pk": 5046, "fields": {"name": "dtp", "slug": "dtp"}}, {"model": "taggit.tag", "pk": 5047, "fields": {"name": "dts", "slug": "dts"}}, {"model": "taggit.tag", "pk": 5048, "fields": {"name": "due", "slug": "due"}}, {"model": "taggit.tag", "pk": 5049, "fields": {"name": "durandal", "slug": "durandal"}}, {"model": "taggit.tag", "pk": 5050, "fields": {"name": "dvp", "slug": "dvp"}}, {"model": "taggit.tag", "pk": 5051, "fields": {"name": "dw", "slug": "dw"}}, {"model": "taggit.tag", "pk": 5052, "fields": {"name": "testing", "slug": "testing"}}, {"model": "taggit.tag", "pk": 5053, "fields": {"name": "sim toolkit", "slug": "sim-toolkit"}}, {"model": "taggit.tag", "pk": 5054, "fields": {"name": "e commerce", "slug": "e-commerce_1"}}, {"model": "taggit.tag", "pk": 5055, "fields": {"name": "e testing", "slug": "e-testing"}}, {"model": "taggit.tag", "pk": 5056, "fields": {"name": "e wildfire", "slug": "e-wildfire"}}, {"model": "taggit.tag", "pk": 5057, "fields": {"name": "designing", "slug": "designing"}}, {"model": "taggit.tag", "pk": 5058, "fields": {"name": "echo", "slug": "echo"}}, {"model": "taggit.tag", "pk": 5059, "fields": {"name": "eclipse", "slug": "eclipse"}}, {"model": "taggit.tag", "pk": 5060, "fields": {"name": "ecm", "slug": "ecm"}}, {"model": "taggit.tag", "pk": 5061, "fields": {"name": "econometric analysis", "slug": "econometric-analysis"}}, {"model": "taggit.tag", "pk": 5062, "fields": {"name": "ecomomic analysis", "slug": "ecomomic-analysis"}}, {"model": "taggit.tag", "pk": 5063, "fields": {"name": "modelling", "slug": "modelling"}}, {"model": "taggit.tag", "pk": 5064, "fields": {"name": "elgg framework", "slug": "elgg-framework"}}, {"model": "taggit.tag", "pk": 5065, "fields": {"name": "scada", "slug": "scada"}}, {"model": "taggit.tag", "pk": 5066, "fields": {"name": "elipse", "slug": "elipse"}}, {"model": "taggit.tag", "pk": 5067, "fields": {"name": "campaigning", "slug": "campaigning"}}, {"model": "taggit.tag", "pk": 5068, "fields": {"name": "embedded", "slug": "embedded"}}, {"model": "taggit.tag", "pk": 5069, "fields": {"name": "embedded c", "slug": "embedded-c"}}, {"model": "taggit.tag", "pk": 5070, "fields": {"name": "embedded fw", "slug": "embedded-fw"}}, {"model": "taggit.tag", "pk": 5071, "fields": {"name": "embedded linux", "slug": "embedded-linux"}}, {"model": "taggit.tag", "pk": 5072, "fields": {"name": "embedded software", "slug": "embedded-software"}}, {"model": "taggit.tag", "pk": 5073, "fields": {"name": "embedded system", "slug": "embedded-system"}}, {"model": "taggit.tag", "pk": 5074, "fields": {"name": "perl", "slug": "perl"}}, {"model": "taggit.tag", "pk": 5075, "fields": {"name": "emc", "slug": "emc"}}, {"model": "taggit.tag", "pk": 5076, "fields": {"name": "eclipse modeling framework", "slug": "eclipse-modeling-framework"}}, {"model": "taggit.tag", "pk": 5077, "fields": {"name": "eminer", "slug": "eminer"}}, {"model": "taggit.tag", "pk": 5078, "fields": {"name": "emir", "slug": "emir"}}, {"model": "taggit.tag", "pk": 5079, "fields": {"name": "emma", "slug": "emma"}}, {"model": "taggit.tag", "pk": 5080, "fields": {"name": "emma coverage", "slug": "emma-coverage"}}, {"model": "taggit.tag", "pk": 5081, "fields": {"name": "employee engagement", "slug": "employee-engagement"}}, {"model": "taggit.tag", "pk": 5082, "fields": {"name": "emptoris", "slug": "emptoris"}}, {"model": "taggit.tag", "pk": 5083, "fields": {"name": "emr", "slug": "emr"}}, {"model": "taggit.tag", "pk": 5084, "fields": {"name": "ems", "slug": "ems"}}, {"model": "taggit.tag", "pk": 5085, "fields": {"name": "end", "slug": "end"}}, {"model": "taggit.tag", "pk": 5086, "fields": {"name": "recruitment", "slug": "recruitment"}}, {"model": "taggit.tag", "pk": 5087, "fields": {"name": "sdlc", "slug": "sdlc"}}, {"model": "taggit.tag", "pk": 5088, "fields": {"name": "endeavour", "slug": "endeavour"}}, {"model": "taggit.tag", "pk": 5089, "fields": {"name": "j2ee design", "slug": "j2ee-design"}}, {"model": "taggit.tag", "pk": 5090, "fields": {"name": "entity framework", "slug": "entity-framework"}}, {"model": "taggit.tag", "pk": 5091, "fields": {"name": "equity analysis", "slug": "equity-analysis"}}, {"model": "taggit.tag", "pk": 5092, "fields": {"name": "er studio", "slug": "er-studio"}}, {"model": "taggit.tag", "pk": 5093, "fields": {"name": "erlang", "slug": "erlang"}}, {"model": "taggit.tag", "pk": 5094, "fields": {"name": "erp", "slug": "erp"}}, {"model": "taggit.tag", "pk": 5095, "fields": {"name": "erwin", "slug": "erwin"}}, {"model": "taggit.tag", "pk": 5096, "fields": {"name": "esb", "slug": "esb"}}, {"model": "taggit.tag", "pk": 5097, "fields": {"name": "esp", "slug": "esp"}}, {"model": "taggit.tag", "pk": 5098, "fields": {"name": "esper", "slug": "esper"}}, {"model": "taggit.tag", "pk": 5099, "fields": {"name": "esri", "slug": "esri"}}, {"model": "taggit.tag", "pk": 5100, "fields": {"name": "ess", "slug": "ess"}}, {"model": "taggit.tag", "pk": 5101, "fields": {"name": "estimation", "slug": "estimation"}}, {"model": "taggit.tag", "pk": 5102, "fields": {"name": "esxi", "slug": "esxi"}}, {"model": "taggit.tag", "pk": 5103, "fields": {"name": "etc", "slug": "etc"}}, {"model": "taggit.tag", "pk": 5104, "fields": {"name": "victor", "slug": "victor"}}, {"model": "taggit.tag", "pk": 5105, "fields": {"name": "canoe", "slug": "canoe"}}, {"model": "taggit.tag", "pk": 5106, "fields": {"name": "reasoning", "slug": "reasoning"}}, {"model": "taggit.tag", "pk": 5107, "fields": {"name": "ethernet", "slug": "ethernet"}}, {"model": "taggit.tag", "pk": 5108, "fields": {"name": "hacking", "slug": "hacking"}}, {"model": "taggit.tag", "pk": 5109, "fields": {"name": "etl", "slug": "etl"}}, {"model": "taggit.tag", "pk": 5110, "fields": {"name": "etom", "slug": "etom"}}, {"model": "taggit.tag", "pk": 5111, "fields": {"name": "ets", "slug": "ets"}}, {"model": "taggit.tag", "pk": 5112, "fields": {"name": "euclidean distance", "slug": "euclidean-distance"}}, {"model": "taggit.tag", "pk": 5113, "fields": {"name": "exposure", "slug": "exposure"}}, {"model": "taggit.tag", "pk": 5114, "fields": {"name": "europrospectus", "slug": "europrospectus"}}, {"model": "taggit.tag", "pk": 5115, "fields": {"name": "targeting", "slug": "targeting"}}, {"model": "taggit.tag", "pk": 5116, "fields": {"name": "event management", "slug": "event-management"}}, {"model": "taggit.tag", "pk": 5117, "fields": {"name": "event studio", "slug": "event-studio"}}, {"model": "taggit.tag", "pk": 5118, "fields": {"name": "everest", "slug": "everest"}}, {"model": "taggit.tag", "pk": 5119, "fields": {"name": "eviews", "slug": "eviews"}}, {"model": "taggit.tag", "pk": 5120, "fields": {"name": "ewm", "slug": "ewm"}}, {"model": "taggit.tag", "pk": 5121, "fields": {"name": "exact target", "slug": "exact-target"}}, {"model": "taggit.tag", "pk": 5122, "fields": {"name": "exadata", "slug": "exadata"}}, {"model": "taggit.tag", "pk": 5123, "fields": {"name": "exalytics", "slug": "exalytics"}}, {"model": "taggit.tag", "pk": 5124, "fields": {"name": "ms office", "slug": "ms-office"}}, {"model": "taggit.tag", "pk": 5125, "fields": {"name": "vba", "slug": "vba"}}, {"model": "taggit.tag", "pk": 5126, "fields": {"name": "exp", "slug": "exp"}}, {"model": "taggit.tag", "pk": 5127, "fields": {"name": "expeditor", "slug": "expeditor"}}, {"model": "taggit.tag", "pk": 5128, "fields": {"name": "risk analytics", "slug": "risk-analytics"}}, {"model": "taggit.tag", "pk": 5129, "fields": {"name": "stock market", "slug": "stock-market"}}, {"model": "taggit.tag", "pk": 5130, "fields": {"name": "statistical tools", "slug": "statistical-tools"}}, {"model": "taggit.tag", "pk": 5131, "fields": {"name": "direct taxation", "slug": "direct-taxation"}}, {"model": "taggit.tag", "pk": 5132, "fields": {"name": "machines", "slug": "machines"}}, {"model": "taggit.tag", "pk": 5133, "fields": {"name": "hiring", "slug": "hiring"}}, {"model": "taggit.tag", "pk": 5134, "fields": {"name": "manual testing", "slug": "manual-testing"}}, {"model": "taggit.tag", "pk": 5135, "fields": {"name": "consultant", "slug": "consultant"}}, {"model": "taggit.tag", "pk": 5136, "fields": {"name": "exploration", "slug": "exploration"}}, {"model": "taggit.tag", "pk": 5137, "fields": {"name": "inferential statistics", "slug": "inferential-statistics"}}, {"model": "taggit.tag", "pk": 5138, "fields": {"name": "explorer", "slug": "explorer"}}, {"model": "taggit.tag", "pk": 5139, "fields": {"name": "export", "slug": "export"}}, {"model": "taggit.tag", "pk": 5140, "fields": {"name": "express", "slug": "express"}}, {"model": "taggit.tag", "pk": 5141, "fields": {"name": "expressjs", "slug": "expressjs"}}, {"model": "taggit.tag", "pk": 5142, "fields": {"name": "ext", "slug": "ext"}}, {"model": "taggit.tag", "pk": 5143, "fields": {"name": "js", "slug": "js"}}, {"model": "taggit.tag", "pk": 5144, "fields": {"name": "extjs", "slug": "extjs"}}, {"model": "taggit.tag", "pk": 5145, "fields": {"name": "ezytrieve", "slug": "ezytrieve"}}, {"model": "taggit.tag", "pk": 5146, "fields": {"name": "advertising", "slug": "advertising"}}, {"model": "taggit.tag", "pk": 5147, "fields": {"name": "api", "slug": "api"}}, {"model": "taggit.tag", "pk": 5148, "fields": {"name": "insights", "slug": "insights"}}, {"model": "taggit.tag", "pk": 5149, "fields": {"name": "factiva", "slug": "factiva"}}, {"model": "taggit.tag", "pk": 5150, "fields": {"name": "factset", "slug": "factset"}}, {"model": "taggit.tag", "pk": 5151, "fields": {"name": "falcon", "slug": "falcon"}}, {"model": "taggit.tag", "pk": 5152, "fields": {"name": "deep learning", "slug": "deep-learning"}}, {"model": "taggit.tag", "pk": 5153, "fields": {"name": "fatca", "slug": "fatca"}}, {"model": "taggit.tag", "pk": 5154, "fields": {"name": "fatwire", "slug": "fatwire"}}, {"model": "taggit.tag", "pk": 5155, "fields": {"name": "fb apis", "slug": "fb-apis"}}, {"model": "taggit.tag", "pk": 5156, "fields": {"name": "fcoe", "slug": "fcoe"}}, {"model": "taggit.tag", "pk": 5157, "fields": {"name": "fcrm", "slug": "fcrm"}}, {"model": "taggit.tag", "pk": 5158, "fields": {"name": "fda", "slug": "fda"}}, {"model": "taggit.tag", "pk": 5159, "fields": {"name": "csa", "slug": "csa"}}, {"model": "taggit.tag", "pk": 5160, "fields": {"name": "fea", "slug": "fea"}}, {"model": "taggit.tag", "pk": 5161, "fields": {"name": "fedora", "slug": "fedora"}}, {"model": "taggit.tag", "pk": 5162, "fields": {"name": "mandriva", "slug": "mandriva"}}, {"model": "taggit.tag", "pk": 5163, "fields": {"name": "fermentation", "slug": "fermentation"}}, {"model": "taggit.tag", "pk": 5164, "fields": {"name": "fico", "slug": "fico"}}, {"model": "taggit.tag", "pk": 5165, "fields": {"name": "fiddler", "slug": "fiddler"}}, {"model": "taggit.tag", "pk": 5166, "fields": {"name": "etl process", "slug": "etl-process"}}, {"model": "taggit.tag", "pk": 5167, "fields": {"name": "filezilla", "slug": "filezilla"}}, {"model": "taggit.tag", "pk": 5168, "fields": {"name": "finacle", "slug": "finacle"}}, {"model": "taggit.tag", "pk": 5169, "fields": {"name": "analyst", "slug": "analyst"}}, {"model": "taggit.tag", "pk": 5170, "fields": {"name": "fincad xl", "slug": "fincad-xl"}}, {"model": "taggit.tag", "pk": 5171, "fields": {"name": "finnone", "slug": "finnone"}}, {"model": "taggit.tag", "pk": 5172, "fields": {"name": "malware analysis", "slug": "malware-analysis"}}, {"model": "taggit.tag", "pk": 5173, "fields": {"name": "fireeye", "slug": "fireeye"}}, {"model": "taggit.tag", "pk": 5174, "fields": {"name": "firefox poster", "slug": "firefox-poster"}}, {"model": "taggit.tag", "pk": 5175, "fields": {"name": "firewall", "slug": "firewall"}}, {"model": "taggit.tag", "pk": 5176, "fields": {"name": "firmware", "slug": "firmware"}}, {"model": "taggit.tag", "pk": 5177, "fields": {"name": "line manager", "slug": "line-manager"}}, {"model": "taggit.tag", "pk": 5178, "fields": {"name": "income analysis", "slug": "income-analysis"}}, {"model": "taggit.tag", "pk": 5179, "fields": {"name": "income derivatives", "slug": "income-derivatives"}}, {"model": "taggit.tag", "pk": 5180, "fields": {"name": "flash", "slug": "flash"}}, {"model": "taggit.tag", "pk": 5181, "fields": {"name": "animation", "slug": "animation"}}, {"model": "taggit.tag", "pk": 5182, "fields": {"name": "flash professional ", "slug": "flash-professional"}}, {"model": "taggit.tag", "pk": 5183, "fields": {"name": "flask", "slug": "flask"}}, {"model": "taggit.tag", "pk": 5184, "fields": {"name": "fleet reliability", "slug": "fleet-reliability"}}, {"model": "taggit.tag", "pk": 5185, "fields": {"name": "bigdata", "slug": "bigdata"}}, {"model": "taggit.tag", "pk": 5186, "fields": {"name": "mapreduce", "slug": "mapreduce"}}, {"model": "taggit.tag", "pk": 5187, "fields": {"name": "fmcg", "slug": "fmcg"}}, {"model": "taggit.tag", "pk": 5188, "fields": {"name": "forensic analysis", "slug": "forensic-analysis"}}, {"model": "taggit.tag", "pk": 5189, "fields": {"name": "forex", "slug": "forex"}}, {"model": "taggit.tag", "pk": 5190, "fields": {"name": "loss analysis", "slug": "loss-analysis"}}, {"model": "taggit.tag", "pk": 5191, "fields": {"name": "fortran", "slug": "fortran"}}, {"model": "taggit.tag", "pk": 5192, "fields": {"name": "foxpro", "slug": "foxpro"}}, {"model": "taggit.tag", "pk": 5193, "fields": {"name": "fp&a", "slug": "fpa"}}, {"model": "taggit.tag", "pk": 5194, "fields": {"name": "fpga", "slug": "fpga"}}, {"model": "taggit.tag", "pk": 5195, "fields": {"name": "fpm", "slug": "fpm"}}, {"model": "taggit.tag", "pk": 5196, "fields": {"name": "fracas", "slug": "fracas"}}, {"model": "taggit.tag", "pk": 5197, "fields": {"name": "framework", "slug": "framework"}}, {"model": "taggit.tag", "pk": 5198, "fields": {"name": "manager", "slug": "manager"}}, {"model": "taggit.tag", "pk": 5199, "fields": {"name": "fraud analysis", "slug": "fraud-analysis"}}, {"model": "taggit.tag", "pk": 5200, "fields": {"name": "freight planning", "slug": "freight-planning"}}, {"model": "taggit.tag", "pk": 5201, "fields": {"name": "front end developer", "slug": "front-end-developer"}}, {"model": "taggit.tag", "pk": 5202, "fields": {"name": "back end developer", "slug": "back-end-developer"}}, {"model": "taggit.tag", "pk": 5203, "fields": {"name": "ftp", "slug": "ftp"}}, {"model": "taggit.tag", "pk": 5204, "fields": {"name": "smtp", "slug": "smtp"}}, {"model": "taggit.tag", "pk": 5205, "fields": {"name": "functional analysis", "slug": "functional-analysis"}}, {"model": "taggit.tag", "pk": 5206, "fields": {"name": "functions", "slug": "functions"}}, {"model": "taggit.tag", "pk": 5207, "fields": {"name": "research", "slug": "research"}}, {"model": "taggit.tag", "pk": 5208, "fields": {"name": "sharepoint", "slug": "sharepoint"}}, {"model": "taggit.tag", "pk": 5209, "fields": {"name": "future scenario assessment etc", "slug": "future-scenario-assessment-etc"}}, {"model": "taggit.tag", "pk": 5210, "fields": {"name": "fx", "slug": "fx"}}, {"model": "taggit.tag", "pk": 5211, "fields": {"name": "gantt project", "slug": "gantt-project"}}, {"model": "taggit.tag", "pk": 5212, "fields": {"name": "gap analysis", "slug": "gap-analysis"}}, {"model": "taggit.tag", "pk": 5213, "fields": {"name": "garuda", "slug": "garuda"}}, {"model": "taggit.tag", "pk": 5214, "fields": {"name": "general accounting", "slug": "general-accounting"}}, {"model": "taggit.tag", "pk": 5215, "fields": {"name": "geneva", "slug": "geneva"}}, {"model": "taggit.tag", "pk": 5216, "fields": {"name": "geospatial analytics", "slug": "geospatial-analytics"}}, {"model": "taggit.tag", "pk": 5217, "fields": {"name": "analyis", "slug": "analyis"}}, {"model": "taggit.tag", "pk": 5218, "fields": {"name": "data handling", "slug": "data-handling"}}, {"model": "taggit.tag", "pk": 5219, "fields": {"name": "geostatistics", "slug": "geostatistics"}}, {"model": "taggit.tag", "pk": 5220, "fields": {"name": "gephi", "slug": "gephi"}}, {"model": "taggit.tag", "pk": 5221, "fields": {"name": "getter", "slug": "getter"}}, {"model": "taggit.tag", "pk": 5222, "fields": {"name": "ggsn", "slug": "ggsn"}}, {"model": "taggit.tag", "pk": 5223, "fields": {"name": "gis", "slug": "gis"}}, {"model": "taggit.tag", "pk": 5224, "fields": {"name": "git", "slug": "git"}}, {"model": "taggit.tag", "pk": 5225, "fields": {"name": "glacier", "slug": "glacier"}}, {"model": "taggit.tag", "pk": 5226, "fields": {"name": "glm", "slug": "glm"}}, {"model": "taggit.tag", "pk": 5227, "fields": {"name": "gmf", "slug": "gmf"}}, {"model": "taggit.tag", "pk": 5228, "fields": {"name": "gmp", "slug": "gmp"}}, {"model": "taggit.tag", "pk": 5229, "fields": {"name": "gnu", "slug": "gnu"}}, {"model": "taggit.tag", "pk": 5230, "fields": {"name": "go", "slug": "go"}}, {"model": "taggit.tag", "pk": 5231, "fields": {"name": "ms", "slug": "ms"}}, {"model": "taggit.tag", "pk": 5232, "fields": {"name": "operating systems", "slug": "operating-systems"}}, {"model": "taggit.tag", "pk": 5233, "fields": {"name": "monitoring", "slug": "monitoring"}}, {"model": "taggit.tag", "pk": 5234, "fields": {"name": "app engine", "slug": "app-engine"}}, {"model": "taggit.tag", "pk": 5235, "fields": {"name": "keyword tool", "slug": "keyword-tool"}}, {"model": "taggit.tag", "pk": 5236, "fields": {"name": "maps", "slug": "maps"}}, {"model": "taggit.tag", "pk": 5237, "fields": {"name": "tag manager", "slug": "tag-manager"}}, {"model": "taggit.tag", "pk": 5238, "fields": {"name": "web toolkit", "slug": "web-toolkit"}}, {"model": "taggit.tag", "pk": 5239, "fields": {"name": "web master", "slug": "web-master"}}, {"model": "taggit.tag", "pk": 5240, "fields": {"name": "webmaster", "slug": "webmaster"}}, {"model": "taggit.tag", "pk": 5241, "fields": {"name": "gosystems", "slug": "gosystems"}}, {"model": "taggit.tag", "pk": 5242, "fields": {"name": "gpp", "slug": "gpp"}}, {"model": "taggit.tag", "pk": 5243, "fields": {"name": "gprs", "slug": "gprs"}}, {"model": "taggit.tag", "pk": 5244, "fields": {"name": "gradle", "slug": "gradle"}}, {"model": "taggit.tag", "pk": 5245, "fields": {"name": "grails", "slug": "grails"}}, {"model": "taggit.tag", "pk": 5246, "fields": {"name": "graph", "slug": "graph"}}, {"model": "taggit.tag", "pk": 5247, "fields": {"name": "databases", "slug": "databases"}}, {"model": "taggit.tag", "pk": 5248, "fields": {"name": "graph theory", "slug": "graph-theory"}}, {"model": "taggit.tag", "pk": 5249, "fields": {"name": "graph tools", "slug": "graph-tools"}}, {"model": "taggit.tag", "pk": 5250, "fields": {"name": "graphs", "slug": "graphs"}}, {"model": "taggit.tag", "pk": 5251, "fields": {"name": "grc", "slug": "grc"}}, {"model": "taggit.tag", "pk": 5252, "fields": {"name": "gretl", "slug": "gretl"}}, {"model": "taggit.tag", "pk": 5253, "fields": {"name": "grids", "slug": "grids"}}, {"model": "taggit.tag", "pk": 5254, "fields": {"name": "grievance", "slug": "grievance"}}, {"model": "taggit.tag", "pk": 5255, "fields": {"name": "groovy", "slug": "groovy"}}, {"model": "taggit.tag", "pk": 5256, "fields": {"name": "drivers identification", "slug": "drivers-identification"}}, {"model": "taggit.tag", "pk": 5257, "fields": {"name": "gruntjs", "slug": "gruntjs"}}, {"model": "taggit.tag", "pk": 5258, "fields": {"name": "gsm", "slug": "gsm"}}, {"model": "taggit.tag", "pk": 5259, "fields": {"name": "gui", "slug": "gui"}}, {"model": "taggit.tag", "pk": 5260, "fields": {"name": "guidestar", "slug": "guidestar"}}, {"model": "taggit.tag", "pk": 5261, "fields": {"name": "gwt", "slug": "gwt"}}, {"model": "taggit.tag", "pk": 5262, "fields": {"name": "h base", "slug": "h-base"}}, {"model": "taggit.tag", "pk": 5263, "fields": {"name": "h lookup", "slug": "h-lookup"}}, {"model": "taggit.tag", "pk": 5264, "fields": {"name": "h1b", "slug": "h1b"}}, {"model": "taggit.tag", "pk": 5265, "fields": {"name": "cloudera", "slug": "cloudera"}}, {"model": "taggit.tag", "pk": 5266, "fields": {"name": "hdfs", "slug": "hdfs"}}, {"model": "taggit.tag", "pk": 5267, "fields": {"name": "hbase", "slug": "hbase"}}, {"model": "taggit.tag", "pk": 5268, "fields": {"name": "haml", "slug": "haml"}}, {"model": "taggit.tag", "pk": 5269, "fields": {"name": "hana", "slug": "hana"}}, {"model": "taggit.tag", "pk": 5270, "fields": {"name": "hardware", "slug": "hardware"}}, {"model": "taggit.tag", "pk": 5271, "fields": {"name": "minitab", "slug": "minitab"}}, {"model": "taggit.tag", "pk": 5272, "fields": {"name": "dart", "slug": "dart"}}, {"model": "taggit.tag", "pk": 5273, "fields": {"name": "data structures", "slug": "data-structures"}}, {"model": "taggit.tag", "pk": 5274, "fields": {"name": "hcatalog", "slug": "hcatalog"}}, {"model": "taggit.tag", "pk": 5275, "fields": {"name": "hdinsight", "slug": "hdinsight"}}, {"model": "taggit.tag", "pk": 5276, "fields": {"name": "healthcare", "slug": "healthcare"}}, {"model": "taggit.tag", "pk": 5277, "fields": {"name": "travel", "slug": "travel"}}, {"model": "taggit.tag", "pk": 5278, "fields": {"name": "fraud detection", "slug": "fraud-detection"}}, {"model": "taggit.tag", "pk": 5279, "fields": {"name": "hedge funds", "slug": "hedge-funds"}}, {"model": "taggit.tag", "pk": 5280, "fields": {"name": "hibernate", "slug": "hibernate"}}, {"model": "taggit.tag", "pk": 5281, "fields": {"name": "HITACHI analytics", "slug": "hitachi-analytics"}}, {"model": "taggit.tag", "pk": 5282, "fields": {"name": "sqoop", "slug": "sqoop"}}, {"model": "taggit.tag", "pk": 5283, "fields": {"name": "hlook up", "slug": "hlook-up"}}, {"model": "taggit.tag", "pk": 5284, "fields": {"name": "hootsuite", "slug": "hootsuite"}}, {"model": "taggit.tag", "pk": 5285, "fields": {"name": "business inelligence", "slug": "business-inelligence"}}, {"model": "taggit.tag", "pk": 5286, "fields": {"name": "html", "slug": "html"}}, {"model": "taggit.tag", "pk": 5287, "fields": {"name": "css", "slug": "css"}}, {"model": "taggit.tag", "pk": 5288, "fields": {"name": "hypermesh", "slug": "hypermesh"}}, {"model": "taggit.tag", "pk": 5289, "fields": {"name": "process designing", "slug": "process-designing"}}, {"model": "taggit.tag", "pk": 5290, "fields": {"name": "data anaysis", "slug": "data-anaysis"}}, {"model": "taggit.tag", "pk": 5291, "fields": {"name": "predicitive modelling", "slug": "predicitive-modelling"}}, {"model": "taggit.tag", "pk": 5292, "fields": {"name": "text analytics", "slug": "text-analytics"}}, {"model": "taggit.tag", "pk": 5293, "fields": {"name": "tealeaf", "slug": "tealeaf"}}, {"model": "taggit.tag", "pk": 5294, "fields": {"name": "web", "slug": "web"}}, {"model": "taggit.tag", "pk": 5295, "fields": {"name": "image processing", "slug": "image-processing"}}, {"model": "taggit.tag", "pk": 5296, "fields": {"name": "image classification", "slug": "image-classification"}}, {"model": "taggit.tag", "pk": 5297, "fields": {"name": "impala", "slug": "impala"}}, {"model": "taggit.tag", "pk": 5298, "fields": {"name": "impd", "slug": "impd"}}, {"model": "taggit.tag", "pk": 5299, "fields": {"name": "logistics", "slug": "logistics"}}, {"model": "taggit.tag", "pk": 5300, "fields": {"name": "stock markets", "slug": "stock-markets"}}, {"model": "taggit.tag", "pk": 5301, "fields": {"name": "tax", "slug": "tax"}}, {"model": "taggit.tag", "pk": 5302, "fields": {"name": "trend analysis", "slug": "trend-analysis"}}, {"model": "taggit.tag", "pk": 5303, "fields": {"name": "inference", "slug": "inference"}}, {"model": "taggit.tag", "pk": 5304, "fields": {"name": "informatics", "slug": "informatics"}}, {"model": "taggit.tag", "pk": 5305, "fields": {"name": "infrastructure", "slug": "infrastructure"}}, {"model": "taggit.tag", "pk": 5306, "fields": {"name": "innovation", "slug": "innovation"}}, {"model": "taggit.tag", "pk": 5307, "fields": {"name": "innovative", "slug": "innovative"}}, {"model": "taggit.tag", "pk": 5308, "fields": {"name": "decision making", "slug": "decision-making"}}, {"model": "taggit.tag", "pk": 5309, "fields": {"name": "instrumentation", "slug": "instrumentation"}}, {"model": "taggit.tag", "pk": 5310, "fields": {"name": "campaigns", "slug": "campaigns"}}, {"model": "taggit.tag", "pk": 5311, "fields": {"name": "intellectual property", "slug": "intellectual-property"}}, {"model": "taggit.tag", "pk": 5312, "fields": {"name": "interactive", "slug": "interactive"}}, {"model": "taggit.tag", "pk": 5313, "fields": {"name": "data processing", "slug": "data-processing"}}, {"model": "taggit.tag", "pk": 5314, "fields": {"name": "seo", "slug": "seo"}}, {"model": "taggit.tag", "pk": 5315, "fields": {"name": "trade", "slug": "trade"}}, {"model": "taggit.tag", "pk": 5316, "fields": {"name": "Internet of things", "slug": "internet-of-things"}}, {"model": "taggit.tag", "pk": 5317, "fields": {"name": "stock calculation", "slug": "stock-calculation"}}, {"model": "taggit.tag", "pk": 5318, "fields": {"name": "optimization", "slug": "optimization"}}, {"model": "taggit.tag", "pk": 5319, "fields": {"name": "project management", "slug": "project-management"}}, {"model": "taggit.tag", "pk": 5320, "fields": {"name": "architecture", "slug": "architecture"}}, {"model": "taggit.tag", "pk": 5321, "fields": {"name": "it", "slug": "it"}}, {"model": "taggit.tag", "pk": 5322, "fields": {"name": "outsourcing", "slug": "outsourcing"}}, {"model": "taggit.tag", "pk": 5323, "fields": {"name": "program management", "slug": "program-management"}}, {"model": "taggit.tag", "pk": 5324, "fields": {"name": "itil", "slug": "itil"}}, {"model": "taggit.tag", "pk": 5325, "fields": {"name": "text processing", "slug": "text-processing"}}, {"model": "taggit.tag", "pk": 5326, "fields": {"name": "map reduce", "slug": "map-reduce"}}, {"model": "taggit.tag", "pk": 5327, "fields": {"name": "javascript", "slug": "javascript"}}, {"model": "taggit.tag", "pk": 5328, "fields": {"name": "jquery", "slug": "jquery"}}, {"model": "taggit.tag", "pk": 5329, "fields": {"name": "javascipt", "slug": "javascipt"}}, {"model": "taggit.tag", "pk": 5330, "fields": {"name": "jdk", "slug": "jdk"}}, {"model": "taggit.tag", "pk": 5331, "fields": {"name": "jmp", "slug": "jmp"}}, {"model": "taggit.tag", "pk": 5332, "fields": {"name": "json", "slug": "json"}}, {"model": "taggit.tag", "pk": 5333, "fields": {"name": "js framework", "slug": "js-framework"}}, {"model": "taggit.tag", "pk": 5334, "fields": {"name": "jsp", "slug": "jsp"}}, {"model": "taggit.tag", "pk": 5335, "fields": {"name": "jsp servlets", "slug": "jsp-servlets"}}, {"model": "taggit.tag", "pk": 5336, "fields": {"name": "junit", "slug": "junit"}}, {"model": "taggit.tag", "pk": 5337, "fields": {"name": "junit websphere", "slug": "junit-websphere"}}, {"model": "taggit.tag", "pk": 5338, "fields": {"name": "kafka", "slug": "kafka"}}, {"model": "taggit.tag", "pk": 5339, "fields": {"name": "kaizen", "slug": "kaizen"}}, {"model": "taggit.tag", "pk": 5340, "fields": {"name": "kdb", "slug": "kdb"}}, {"model": "taggit.tag", "pk": 5341, "fields": {"name": "keil", "slug": "keil"}}, {"model": "taggit.tag", "pk": 5342, "fields": {"name": "kepler", "slug": "kepler"}}, {"model": "taggit.tag", "pk": 5343, "fields": {"name": "kettle", "slug": "kettle"}}, {"model": "taggit.tag", "pk": 5344, "fields": {"name": "accounts management", "slug": "accounts-management"}}, {"model": "taggit.tag", "pk": 5345, "fields": {"name": "keyword analysis", "slug": "keyword-analysis"}}, {"model": "taggit.tag", "pk": 5346, "fields": {"name": "keyword research", "slug": "keyword-research"}}, {"model": "taggit.tag", "pk": 5347, "fields": {"name": "kibana", "slug": "kibana"}}, {"model": "taggit.tag", "pk": 5348, "fields": {"name": "kinesis", "slug": "kinesis"}}, {"model": "taggit.tag", "pk": 5349, "fields": {"name": "kintana", "slug": "kintana"}}, {"model": "taggit.tag", "pk": 5350, "fields": {"name": "knime", "slug": "knime"}}, {"model": "taggit.tag", "pk": 5351, "fields": {"name": "cascade", "slug": "cascade"}}, {"model": "taggit.tag", "pk": 5352, "fields": {"name": "knockout", "slug": "knockout"}}, {"model": "taggit.tag", "pk": 5353, "fields": {"name": "statistical software", "slug": "statistical-software"}}, {"model": "taggit.tag", "pk": 5354, "fields": {"name": "anite", "slug": "anite"}}, {"model": "taggit.tag", "pk": 5355, "fields": {"name": "failure analysis", "slug": "failure-analysis"}}, {"model": "taggit.tag", "pk": 5356, "fields": {"name": "rca", "slug": "rca"}}, {"model": "taggit.tag", "pk": 5357, "fields": {"name": "predictive analysis", "slug": "predictive-analysis"}}, {"model": "taggit.tag", "pk": 5358, "fields": {"name": "acccpac", "slug": "acccpac"}}, {"model": "taggit.tag", "pk": 5359, "fields": {"name": "text mining", "slug": "text-mining"}}, {"model": "taggit.tag", "pk": 5360, "fields": {"name": "process", "slug": "process"}}, {"model": "taggit.tag", "pk": 5361, "fields": {"name": "kpi", "slug": "kpi"}}, {"model": "taggit.tag", "pk": 5362, "fields": {"name": "icm", "slug": "icm"}}, {"model": "taggit.tag", "pk": 5363, "fields": {"name": "idap", "slug": "idap"}}, {"model": "taggit.tag", "pk": 5364, "fields": {"name": "idap apache", "slug": "idap-apache"}}, {"model": "taggit.tag", "pk": 5365, "fields": {"name": "idm", "slug": "idm"}}, {"model": "taggit.tag", "pk": 5366, "fields": {"name": "lead", "slug": "lead"}}, {"model": "taggit.tag", "pk": 5367, "fields": {"name": "audit", "slug": "audit"}}, {"model": "taggit.tag", "pk": 5368, "fields": {"name": "leadership", "slug": "leadership"}}, {"model": "taggit.tag", "pk": 5369, "fields": {"name": "business analyst", "slug": "business-analyst"}}, {"model": "taggit.tag", "pk": 5370, "fields": {"name": "leaflet.js", "slug": "leafletjs"}}, {"model": "taggit.tag", "pk": 5371, "fields": {"name": "liasing", "slug": "liasing"}}, {"model": "taggit.tag", "pk": 5372, "fields": {"name": "life sciences", "slug": "life-sciences"}}, {"model": "taggit.tag", "pk": 5373, "fields": {"name": "limelight", "slug": "limelight"}}, {"model": "taggit.tag", "pk": 5374, "fields": {"name": "feed concepts", "slug": "feed-concepts"}}, {"model": "taggit.tag", "pk": 5375, "fields": {"name": "linear algebra", "slug": "linear-algebra"}}, {"model": "taggit.tag", "pk": 5376, "fields": {"name": "logistic regression", "slug": "logistic-regression"}}, {"model": "taggit.tag", "pk": 5377, "fields": {"name": "statistical modeling", "slug": "statistical-modeling"}}, {"model": "taggit.tag", "pk": 5378, "fields": {"name": "linear regression", "slug": "linear-regression"}}, {"model": "taggit.tag", "pk": 5379, "fields": {"name": "linear modeling", "slug": "linear-modeling"}}, {"model": "taggit.tag", "pk": 5380, "fields": {"name": "linq", "slug": "linq"}}, {"model": "taggit.tag", "pk": 5381, "fields": {"name": "linux", "slug": "linux"}}, {"model": "taggit.tag", "pk": 5382, "fields": {"name": "legal", "slug": "legal"}}, {"model": "taggit.tag", "pk": 5383, "fields": {"name": "llamasoft", "slug": "llamasoft"}}, {"model": "taggit.tag", "pk": 5384, "fields": {"name": "risk assessment", "slug": "risk-assessment"}}, {"model": "taggit.tag", "pk": 5385, "fields": {"name": "logistics analysis", "slug": "logistics-analysis"}}, {"model": "taggit.tag", "pk": 5386, "fields": {"name": "logstash", "slug": "logstash"}}, {"model": "taggit.tag", "pk": 5387, "fields": {"name": "loma", "slug": "loma"}}, {"model": "taggit.tag", "pk": 5388, "fields": {"name": "lombardi", "slug": "lombardi"}}, {"model": "taggit.tag", "pk": 5389, "fields": {"name": "credit card analysis", "slug": "credit-card-analysis"}}, {"model": "taggit.tag", "pk": 5390, "fields": {"name": "lucene", "slug": "lucene"}}, {"model": "taggit.tag", "pk": 5391, "fields": {"name": "lumira", "slug": "lumira"}}, {"model": "taggit.tag", "pk": 5392, "fields": {"name": "lync", "slug": "lync"}}, {"model": "taggit.tag", "pk": 5393, "fields": {"name": "office", "slug": "office"}}, {"model": "taggit.tag", "pk": 5394, "fields": {"name": "economics", "slug": "economics"}}, {"model": "taggit.tag", "pk": 5395, "fields": {"name": "jvm", "slug": "jvm"}}, {"model": "taggit.tag", "pk": 5396, "fields": {"name": "macro economics", "slug": "macro-economics"}}, {"model": "taggit.tag", "pk": 5397, "fields": {"name": "macros", "slug": "macros"}}, {"model": "taggit.tag", "pk": 5398, "fields": {"name": "mainframe", "slug": "mainframe"}}, {"model": "taggit.tag", "pk": 5399, "fields": {"name": "mainfame", "slug": "mainfame"}}, {"model": "taggit.tag", "pk": 5400, "fields": {"name": "vision plus", "slug": "vision-plus"}}, {"model": "taggit.tag", "pk": 5401, "fields": {"name": "malware", "slug": "malware"}}, {"model": "taggit.tag", "pk": 5402, "fields": {"name": "malware analytics", "slug": "malware-analytics"}}, {"model": "taggit.tag", "pk": 5403, "fields": {"name": "social media analytics", "slug": "social-media-analytics"}}, {"model": "taggit.tag", "pk": 5404, "fields": {"name": "budgets", "slug": "budgets"}}, {"model": "taggit.tag", "pk": 5405, "fields": {"name": "mongo db", "slug": "mongo-db"}}, {"model": "taggit.tag", "pk": 5406, "fields": {"name": "mapinfo", "slug": "mapinfo"}}, {"model": "taggit.tag", "pk": 5407, "fields": {"name": "mapr", "slug": "mapr"}}, {"model": "taggit.tag", "pk": 5408, "fields": {"name": "map server", "slug": "map-server"}}, {"model": "taggit.tag", "pk": 5409, "fields": {"name": "margin optimization", "slug": "margin-optimization"}}, {"model": "taggit.tag", "pk": 5410, "fields": {"name": "marionette.js", "slug": "marionettejs"}}, {"model": "taggit.tag", "pk": 5411, "fields": {"name": "market analysis", "slug": "market-analysis"}}, {"model": "taggit.tag", "pk": 5412, "fields": {"name": "management and data quality", "slug": "management-and-data-quality"}}, {"model": "taggit.tag", "pk": 5413, "fields": {"name": "data services", "slug": "data-services"}}, {"model": "taggit.tag", "pk": 5414, "fields": {"name": "scheduling", "slug": "scheduling"}}, {"model": "taggit.tag", "pk": 5415, "fields": {"name": "material science", "slug": "material-science"}}, {"model": "taggit.tag", "pk": 5416, "fields": {"name": "mathematics", "slug": "mathematics"}}, {"model": "taggit.tag", "pk": 5417, "fields": {"name": "mathematical modelling", "slug": "mathematical-modelling"}}, {"model": "taggit.tag", "pk": 5418, "fields": {"name": "maximum likelihood estimation", "slug": "maximum-likelihood-estimation"}}, {"model": "taggit.tag", "pk": 5419, "fields": {"name": "systems", "slug": "systems"}}, {"model": "taggit.tag", "pk": 5420, "fields": {"name": "mcafee", "slug": "mcafee"}}, {"model": "taggit.tag", "pk": 5421, "fields": {"name": "mckesson", "slug": "mckesson"}}, {"model": "taggit.tag", "pk": 5422, "fields": {"name": "mcp", "slug": "mcp"}}, {"model": "taggit.tag", "pk": 5423, "fields": {"name": "mcsa", "slug": "mcsa"}}, {"model": "taggit.tag", "pk": 5424, "fields": {"name": "mdm", "slug": "mdm"}}, {"model": "taggit.tag", "pk": 5425, "fields": {"name": "mdm architect", "slug": "mdm-architect"}}, {"model": "taggit.tag", "pk": 5426, "fields": {"name": "mdms", "slug": "mdms"}}, {"model": "taggit.tag", "pk": 5427, "fields": {"name": "mds", "slug": "mds"}}, {"model": "taggit.tag", "pk": 5428, "fields": {"name": "mdt", "slug": "mdt"}}, {"model": "taggit.tag", "pk": 5429, "fields": {"name": "mdx", "slug": "mdx"}}, {"model": "taggit.tag", "pk": 5430, "fields": {"name": "mdxsql", "slug": "mdxsql"}}, {"model": "taggit.tag", "pk": 5431, "fields": {"name": "mean stack", "slug": "mean-stack"}}, {"model": "taggit.tag", "pk": 5432, "fields": {"name": "media planning", "slug": "media-planning"}}, {"model": "taggit.tag", "pk": 5433, "fields": {"name": "media research", "slug": "media-research"}}, {"model": "taggit.tag", "pk": 5434, "fields": {"name": "media sales", "slug": "media-sales"}}, {"model": "taggit.tag", "pk": 5435, "fields": {"name": "medical imaging", "slug": "medical-imaging"}}, {"model": "taggit.tag", "pk": 5436, "fields": {"name": "meditech", "slug": "meditech"}}, {"model": "taggit.tag", "pk": 5437, "fields": {"name": "memcache", "slug": "memcache"}}, {"model": "taggit.tag", "pk": 5438, "fields": {"name": "memory analytics", "slug": "memory-analytics"}}, {"model": "taggit.tag", "pk": 5439, "fields": {"name": "metallurgy", "slug": "metallurgy"}}, {"model": "taggit.tag", "pk": 5440, "fields": {"name": "mining", "slug": "mining"}}, {"model": "taggit.tag", "pk": 5441, "fields": {"name": "meteor", "slug": "meteor"}}, {"model": "taggit.tag", "pk": 5442, "fields": {"name": "method validation", "slug": "method-validation"}}, {"model": "taggit.tag", "pk": 5443, "fields": {"name": "mexl", "slug": "mexl"}}, {"model": "taggit.tag", "pk": 5444, "fields": {"name": "mfc", "slug": "mfc"}}, {"model": "taggit.tag", "pk": 5445, "fields": {"name": "mgr", "slug": "mgr"}}, {"model": "taggit.tag", "pk": 5446, "fields": {"name": "mgw", "slug": "mgw"}}, {"model": "taggit.tag", "pk": 5447, "fields": {"name": "mi", "slug": "mi"}}, {"model": "taggit.tag", "pk": 5448, "fields": {"name": "micro strategy", "slug": "micro-strategy"}}, {"model": "taggit.tag", "pk": 5449, "fields": {"name": "micro finance", "slug": "micro-finance"}}, {"model": "taggit.tag", "pk": 5450, "fields": {"name": "microfit", "slug": "microfit"}}, {"model": "taggit.tag", "pk": 5451, "fields": {"name": "micro processor", "slug": "micro-processor"}}, {"model": "taggit.tag", "pk": 5452, "fields": {"name": "word", "slug": "word"}}, {"model": "taggit.tag", "pk": 5453, "fields": {"name": "services", "slug": "services"}}, {"model": "taggit.tag", "pk": 5454, "fields": {"name": "ssrs", "slug": "ssrs"}}, {"model": "taggit.tag", "pk": 5455, "fields": {"name": "test manager", "slug": "test-manager"}}, {"model": "taggit.tag", "pk": 5456, "fields": {"name": "visual studio", "slug": "visual-studio"}}, {"model": "taggit.tag", "pk": 5457, "fields": {"name": "mintel", "slug": "mintel"}}, {"model": "taggit.tag", "pk": 5458, "fields": {"name": "loan prediction", "slug": "loan-prediction"}}, {"model": "taggit.tag", "pk": 5459, "fields": {"name": "mobile", "slug": "mobile"}}, {"model": "taggit.tag", "pk": 5460, "fields": {"name": "application analytics", "slug": "application-analytics"}}, {"model": "taggit.tag", "pk": 5461, "fields": {"name": "application marketing", "slug": "application-marketing"}}, {"model": "taggit.tag", "pk": 5462, "fields": {"name": "application testing", "slug": "application-testing"}}, {"model": "taggit.tag", "pk": 5463, "fields": {"name": "mobile application development", "slug": "mobile-application-development"}}, {"model": "taggit.tag", "pk": 5464, "fields": {"name": "mobile technology", "slug": "mobile-technology"}}, {"model": "taggit.tag", "pk": 5465, "fields": {"name": "mobile data management ", "slug": "mobile-data-management"}}, {"model": "taggit.tag", "pk": 5466, "fields": {"name": "mobile games", "slug": "mobile-games"}}, {"model": "taggit.tag", "pk": 5467, "fields": {"name": "mobile application", "slug": "mobile-application"}}, {"model": "taggit.tag", "pk": 5468, "fields": {"name": "mobile application testing", "slug": "mobile-application-testing"}}, {"model": "taggit.tag", "pk": 5469, "fields": {"name": "mockito", "slug": "mockito"}}, {"model": "taggit.tag", "pk": 5470, "fields": {"name": "model validation", "slug": "model-validation"}}, {"model": "taggit.tag", "pk": 5471, "fields": {"name": "pricing", "slug": "pricing"}}, {"model": "taggit.tag", "pk": 5472, "fields": {"name": "moss", "slug": "moss"}}, {"model": "taggit.tag", "pk": 5473, "fields": {"name": "mous", "slug": "mous"}}, {"model": "taggit.tag", "pk": 5474, "fields": {"name": "exchange", "slug": "exchange"}}, {"model": "taggit.tag", "pk": 5475, "fields": {"name": "outlook", "slug": "outlook"}}, {"model": "taggit.tag", "pk": 5476, "fields": {"name": "project", "slug": "project"}}, {"model": "taggit.tag", "pk": 5477, "fields": {"name": "project server", "slug": "project-server"}}, {"model": "taggit.tag", "pk": 5478, "fields": {"name": "pubisher", "slug": "pubisher"}}, {"model": "taggit.tag", "pk": 5479, "fields": {"name": "microsoft", "slug": "microsoft"}}, {"model": "taggit.tag", "pk": 5480, "fields": {"name": "visio", "slug": "visio"}}, {"model": "taggit.tag", "pk": 5481, "fields": {"name": "msa", "slug": "msa"}}, {"model": "taggit.tag", "pk": 5482, "fields": {"name": "mysql server", "slug": "mysql-server"}}, {"model": "taggit.tag", "pk": 5483, "fields": {"name": "multithreading", "slug": "multithreading"}}, {"model": "taggit.tag", "pk": 5484, "fields": {"name": "mvc", "slug": "mvc"}}, {"model": "taggit.tag", "pk": 5485, "fields": {"name": "mvp", "slug": "mvp"}}, {"model": "taggit.tag", "pk": 5486, "fields": {"name": "mvs", "slug": "mvs"}}, {"model": "taggit.tag", "pk": 5487, "fields": {"name": "mvvm", "slug": "mvvm"}}, {"model": "taggit.tag", "pk": 5488, "fields": {"name": "mybatis", "slug": "mybatis"}}, {"model": "taggit.tag", "pk": 5489, "fields": {"name": "natural language processing", "slug": "natural-language-processing"}}, {"model": "taggit.tag", "pk": 5490, "fields": {"name": "nav", "slug": "nav"}}, {"model": "taggit.tag", "pk": 5491, "fields": {"name": "neural network", "slug": "neural-network"}}, {"model": "taggit.tag", "pk": 5492, "fields": {"name": "nosql", "slug": "nosql"}}, {"model": "taggit.tag", "pk": 5493, "fields": {"name": "node.js", "slug": "nodejs"}}, {"model": "taggit.tag", "pk": 5494, "fields": {"name": "mongodb", "slug": "mongodb"}}, {"model": "taggit.tag", "pk": 5495, "fields": {"name": "options", "slug": "options"}}, {"model": "taggit.tag", "pk": 5496, "fields": {"name": "oracles", "slug": "oracles"}}, {"model": "taggit.tag", "pk": 5497, "fields": {"name": "pl", "slug": "pl"}}, {"model": "taggit.tag", "pk": 5498, "fields": {"name": "work closely withrecruitment", "slug": "work-closely-withrecruitment"}}, {"model": "taggit.tag", "pk": 5499, "fields": {"name": "niz", "slug": "niz"}}, {"model": "taggit.tag", "pk": 5500, "fields": {"name": "training programme", "slug": "training-programme"}}, {"model": "taggit.tag", "pk": 5501, "fields": {"name": "restructuring", "slug": "restructuring"}}, {"model": "taggit.tag", "pk": 5502, "fields": {"name": "written and communication skills", "slug": "written-and-communication-skills"}}, {"model": "taggit.tag", "pk": 5503, "fields": {"name": "interpersonal skills", "slug": "interpersonal-skills"}}, {"model": "taggit.tag", "pk": 5504, "fields": {"name": "change management", "slug": "change-management"}}, {"model": "taggit.tag", "pk": 5505, "fields": {"name": "diagnosis", "slug": "diagnosis"}}, {"model": "taggit.tag", "pk": 5506, "fields": {"name": "skills", "slug": "skills"}}, {"model": "taggit.tag", "pk": 5507, "fields": {"name": "nizing", "slug": "nizing"}}, {"model": "taggit.tag", "pk": 5508, "fields": {"name": "nted", "slug": "nted"}}, {"model": "taggit.tag", "pk": 5509, "fields": {"name": "engineering", "slug": "engineering"}}, {"model": "taggit.tag", "pk": 5510, "fields": {"name": "analyzer", "slug": "analyzer"}}, {"model": "taggit.tag", "pk": 5511, "fields": {"name": "crash dump tools", "slug": "crash-dump-tools"}}, {"model": "taggit.tag", "pk": 5512, "fields": {"name": "mmerce", "slug": "mmerce"}}, {"model": "taggit.tag", "pk": 5513, "fields": {"name": "osgi", "slug": "osgi"}}, {"model": "taggit.tag", "pk": 5514, "fields": {"name": "ms office tools", "slug": "ms-office-tools"}}, {"model": "taggit.tag", "pk": 5515, "fields": {"name": "visualization tools", "slug": "visualization-tools"}}, {"model": "taggit.tag", "pk": 5516, "fields": {"name": "liquefaction", "slug": "liquefaction"}}, {"model": "taggit.tag", "pk": 5517, "fields": {"name": "base management", "slug": "base-management"}}, {"model": "taggit.tag", "pk": 5518, "fields": {"name": "& l management", "slug": "l-management"}}, {"model": "taggit.tag", "pk": 5519, "fields": {"name": "mgmt", "slug": "mgmt"}}, {"model": "taggit.tag", "pk": 5520, "fields": {"name": "packages", "slug": "packages"}}, {"model": "taggit.tag", "pk": 5521, "fields": {"name": "packaging", "slug": "packaging"}}, {"model": "taggit.tag", "pk": 5522, "fields": {"name": "& off", "slug": "off"}}, {"model": "taggit.tag", "pk": 5523, "fields": {"name": "retail sales marketing operations ...", "slug": "retail-sales-marketing-operations"}}, {"model": "taggit.tag", "pk": 5524, "fields": {"name": "pandas", "slug": "pandas"}}, {"model": "taggit.tag", "pk": 5525, "fields": {"name": "writing skill", "slug": "writing-skill"}}, {"model": "taggit.tag", "pk": 5526, "fields": {"name": "file format", "slug": "file-format"}}, {"model": "taggit.tag", "pk": 5527, "fields": {"name": "partner and location identification", "slug": "partner-and-location-identification"}}, {"model": "taggit.tag", "pk": 5528, "fields": {"name": "relationship management", "slug": "relationship-management"}}, {"model": "taggit.tag", "pk": 5529, "fields": {"name": "assessment", "slug": "assessment"}}, {"model": "taggit.tag", "pk": 5530, "fields": {"name": "passenger", "slug": "passenger"}}, {"model": "taggit.tag", "pk": 5531, "fields": {"name": "for marketing", "slug": "for-marketing"}}, {"model": "taggit.tag", "pk": 5532, "fields": {"name": "keyless entry", "slug": "keyless-entry"}}, {"model": "taggit.tag", "pk": 5533, "fields": {"name": "nt", "slug": "nt"}}, {"model": "taggit.tag", "pk": 5534, "fields": {"name": "observe", "slug": "observe"}}, {"model": "taggit.tag", "pk": 5535, "fields": {"name": "profiling", "slug": "profiling"}}, {"model": "taggit.tag", "pk": 5536, "fields": {"name": "patna", "slug": "patna"}}, {"model": "taggit.tag", "pk": 5537, "fields": {"name": "per click", "slug": "per-click"}}, {"model": "taggit.tag", "pk": 5538, "fields": {"name": "ent", "slug": "ent"}}, {"model": "taggit.tag", "pk": 5539, "fields": {"name": "& settlement", "slug": "settlement"}}, {"model": "taggit.tag", "pk": 5540, "fields": {"name": "processing", "slug": "processing"}}, {"model": "taggit.tag", "pk": 5541, "fields": {"name": "domain knowledge", "slug": "domain-knowledge"}}, {"model": "taggit.tag", "pk": 5542, "fields": {"name": "micro", "slug": "micro"}}, {"model": "taggit.tag", "pk": 5543, "fields": {"name": "paypal", "slug": "paypal"}}, {"model": "taggit.tag", "pk": 5544, "fields": {"name": "payroll", "slug": "payroll"}}, {"model": "taggit.tag", "pk": 5545, "fields": {"name": "pcie", "slug": "pcie"}}, {"model": "taggit.tag", "pk": 5546, "fields": {"name": "lgd & ead modelling", "slug": "lgd-ead-modelling"}}, {"model": "taggit.tag", "pk": 5547, "fields": {"name": "pdflib", "slug": "pdflib"}}, {"model": "taggit.tag", "pk": 5548, "fields": {"name": "investement", "slug": "investement"}}, {"model": "taggit.tag", "pk": 5549, "fields": {"name": "comparison", "slug": "comparison"}}, {"model": "taggit.tag", "pk": 5550, "fields": {"name": "rce", "slug": "rce"}}, {"model": "taggit.tag", "pk": 5551, "fields": {"name": "pega", "slug": "pega"}}, {"model": "taggit.tag", "pk": 5552, "fields": {"name": "bpm", "slug": "bpm"}}, {"model": "taggit.tag", "pk": 5553, "fields": {"name": "pentaho", "slug": "pentaho"}}, {"model": "taggit.tag", "pk": 5554, "fields": {"name": "bi reporting and", "slug": "bi-reporting-and"}}, {"model": "taggit.tag", "pk": 5555, "fields": {"name": "data integration", "slug": "data-integration"}}, {"model": "taggit.tag", "pk": 5556, "fields": {"name": "etl(kettle", "slug": "etlkettle"}}, {"model": "taggit.tag", "pk": 5557, "fields": {"name": "integration tool", "slug": "integration-tool"}}, {"model": "taggit.tag", "pk": 5558, "fields": {"name": "report designing", "slug": "report-designing"}}, {"model": "taggit.tag", "pk": 5559, "fields": {"name": "& facilitation", "slug": "facilitation"}}, {"model": "taggit.tag", "pk": 5560, "fields": {"name": "management skills", "slug": "management-skills"}}, {"model": "taggit.tag", "pk": 5561, "fields": {"name": "sigma", "slug": "sigma"}}, {"model": "taggit.tag", "pk": 5562, "fields": {"name": "peoplesoft", "slug": "peoplesoft"}}, {"model": "taggit.tag", "pk": 5563, "fields": {"name": "hr analytics", "slug": "hr-analytics"}}, {"model": "taggit.tag", "pk": 5564, "fields": {"name": "per", "slug": "per"}}, {"model": "taggit.tag", "pk": 5565, "fields": {"name": "eption", "slug": "eption"}}, {"model": "taggit.tag", "pk": 5566, "fields": {"name": "perfecto", "slug": "perfecto"}}, {"model": "taggit.tag", "pk": 5567, "fields": {"name": "perforce", "slug": "perforce"}}, {"model": "taggit.tag", "pk": 5568, "fields": {"name": "performance", "slug": "performance"}}, {"model": "taggit.tag", "pk": 5569, "fields": {"name": "analy", "slug": "analy"}}, {"model": "taggit.tag", "pk": 5570, "fields": {"name": "attribution", "slug": "attribution"}}, {"model": "taggit.tag", "pk": 5571, "fields": {"name": "implementation", "slug": "implementation"}}, {"model": "taggit.tag", "pk": 5572, "fields": {"name": "monitoring and tuning", "slug": "monitoring-and-tuning"}}, {"model": "taggit.tag", "pk": 5573, "fields": {"name": "tuning", "slug": "tuning"}}, {"model": "taggit.tag", "pk": 5574, "fields": {"name": "turning", "slug": "turning"}}, {"model": "taggit.tag", "pk": 5575, "fields": {"name": "scripts", "slug": "scripts"}}, {"model": "taggit.tag", "pk": 5576, "fields": {"name": "script", "slug": "script"}}, {"model": "taggit.tag", "pk": 5577, "fields": {"name": "persistent to achieve goals", "slug": "persistent-to-achieve-goals"}}, {"model": "taggit.tag", "pk": 5578, "fields": {"name": "petroleum", "slug": "petroleum"}}, {"model": "taggit.tag", "pk": 5579, "fields": {"name": "management etc..", "slug": "management-etc"}}, {"model": "taggit.tag", "pk": 5580, "fields": {"name": "pharma", "slug": "pharma"}}, {"model": "taggit.tag", "pk": 5581, "fields": {"name": "software quality", "slug": "software-quality"}}, {"model": "taggit.tag", "pk": 5582, "fields": {"name": "maceuticals", "slug": "maceuticals"}}, {"model": "taggit.tag", "pk": 5583, "fields": {"name": "macokinetics", "slug": "macokinetics"}}, {"model": "taggit.tag", "pk": 5584, "fields": {"name": "pharmacovigilance", "slug": "pharmacovigilance"}}, {"model": "taggit.tag", "pk": 5585, "fields": {"name": "phoenix", "slug": "phoenix"}}, {"model": "taggit.tag", "pk": 5586, "fields": {"name": "phonegap", "slug": "phonegap"}}, {"model": "taggit.tag", "pk": 5587, "fields": {"name": "oshop", "slug": "oshop"}}, {"model": "taggit.tag", "pk": 5588, "fields": {"name": "other skills", "slug": "other-skills"}}, {"model": "taggit.tag", "pk": 5589, "fields": {"name": "book", "slug": "book"}}, {"model": "taggit.tag", "pk": 5590, "fields": {"name": "hbook", "slug": "hbook"}}, {"model": "taggit.tag", "pk": 5591, "fields": {"name": "pitchbooks", "slug": "pitchbooks"}}, {"model": "taggit.tag", "pk": 5592, "fields": {"name": "pie chart", "slug": "pie-chart"}}, {"model": "taggit.tag", "pk": 5593, "fields": {"name": "sql and", "slug": "sql-and"}}, {"model": "taggit.tag", "pk": 5594, "fields": {"name": "programs", "slug": "programs"}}, {"model": "taggit.tag", "pk": 5595, "fields": {"name": "solving", "slug": "solving"}}, {"model": "taggit.tag", "pk": 5596, "fields": {"name": "and roadmap", "slug": "and-roadmap"}}, {"model": "taggit.tag", "pk": 5597, "fields": {"name": "validation", "slug": "validation"}}, {"model": "taggit.tag", "pk": 5598, "fields": {"name": "forms", "slug": "forms"}}, {"model": "taggit.tag", "pk": 5599, "fields": {"name": "plsgraph", "slug": "plsgraph"}}, {"model": "taggit.tag", "pk": 5600, "fields": {"name": "g", "slug": "g"}}, {"model": "taggit.tag", "pk": 5601, "fields": {"name": "end user", "slug": "end-user"}}, {"model": "taggit.tag", "pk": 5602, "fields": {"name": "setup", "slug": "setup"}}, {"model": "taggit.tag", "pk": 5603, "fields": {"name": "elements integration", "slug": "elements-integration"}}, {"model": "taggit.tag", "pk": 5604, "fields": {"name": "polic", "slug": "polic"}}, {"model": "taggit.tag", "pk": 5605, "fields": {"name": "cy", "slug": "cy"}}, {"model": "taggit.tag", "pk": 5606, "fields": {"name": "and procedure", "slug": "and-procedure"}}, {"model": "taggit.tag", "pk": 5607, "fields": {"name": "servicing", "slug": "servicing"}}, {"model": "taggit.tag", "pk": 5608, "fields": {"name": "polymer", "slug": "polymer"}}, {"model": "taggit.tag", "pk": 5609, "fields": {"name": "portal", "slug": "portal"}}, {"model": "taggit.tag", "pk": 5610, "fields": {"name": "support", "slug": "support"}}, {"model": "taggit.tag", "pk": 5611, "fields": {"name": "forces", "slug": "forces"}}, {"model": "taggit.tag", "pk": 5612, "fields": {"name": "portfolio", "slug": "portfolio"}}, {"model": "taggit.tag", "pk": 5613, "fields": {"name": "view developer", "slug": "view-developer"}}, {"model": "taggit.tag", "pk": 5614, "fields": {"name": "strategy & allocation", "slug": "strategy-allocation"}}, {"model": "taggit.tag", "pk": 5615, "fields": {"name": "portlets", "slug": "portlets"}}, {"model": "taggit.tag", "pk": 5616, "fields": {"name": "positioning", "slug": "positioning"}}, {"model": "taggit.tag", "pk": 5617, "fields": {"name": "attitude", "slug": "attitude"}}, {"model": "taggit.tag", "pk": 5618, "fields": {"name": "approval changes", "slug": "approval-changes"}}, {"model": "taggit.tag", "pk": 5619, "fields": {"name": "campaign analysis", "slug": "campaign-analysis"}}, {"model": "taggit.tag", "pk": 5620, "fields": {"name": "paid", "slug": "paid"}}, {"model": "taggit.tag", "pk": 5621, "fields": {"name": "fix", "slug": "fix"}}, {"model": "taggit.tag", "pk": 5622, "fields": {"name": "gres", "slug": "gres"}}, {"model": "taggit.tag", "pk": 5623, "fields": {"name": "gresql", "slug": "gresql"}}, {"model": "taggit.tag", "pk": 5624, "fields": {"name": "structures", "slug": "structures"}}, {"model": "taggit.tag", "pk": 5625, "fields": {"name": "postman", "slug": "postman"}}, {"model": "taggit.tag", "pk": 5626, "fields": {"name": "point", "slug": "point"}}, {"model": "taggit.tag", "pk": 5627, "fields": {"name": "bi designer", "slug": "bi-designer"}}, {"model": "taggit.tag", "pk": 5628, "fields": {"name": "point presentation", "slug": "point-presentation"}}, {"model": "taggit.tag", "pk": 5629, "fields": {"name": "cube", "slug": "cube"}}, {"model": "taggit.tag", "pk": 5630, "fields": {"name": "analytics projects", "slug": "analytics-projects"}}, {"model": "taggit.tag", "pk": 5631, "fields": {"name": "presentation", "slug": "presentation"}}, {"model": "taggit.tag", "pk": 5632, "fields": {"name": "casualty domain.", "slug": "casualty-domain"}}, {"model": "taggit.tag", "pk": 5633, "fields": {"name": "powershell", "slug": "powershell"}}, {"model": "taggit.tag", "pk": 5634, "fields": {"name": "machine manufacturing componey", "slug": "machine-manufacturing-componey"}}, {"model": "taggit.tag", "pk": 5635, "fields": {"name": "sites", "slug": "sites"}}, {"model": "taggit.tag", "pk": 5636, "fields": {"name": "practice", "slug": "practice"}}, {"model": "taggit.tag", "pk": 5637, "fields": {"name": "intelligence", "slug": "intelligence"}}, {"model": "taggit.tag", "pk": 5638, "fields": {"name": "head", "slug": "head"}}, {"model": "taggit.tag", "pk": 5639, "fields": {"name": "pre", "slug": "pre"}}, {"model": "taggit.tag", "pk": 5640, "fields": {"name": "imaging algorithms", "slug": "imaging-algorithms"}}, {"model": "taggit.tag", "pk": 5641, "fields": {"name": "predicitive and machine learning", "slug": "predicitive-and-machine-learning"}}, {"model": "taggit.tag", "pk": 5642, "fields": {"name": "ict", "slug": "ict"}}, {"model": "taggit.tag", "pk": 5643, "fields": {"name": "prediction", "slug": "prediction"}}, {"model": "taggit.tag", "pk": 5644, "fields": {"name": "model building", "slug": "model-building"}}, {"model": "taggit.tag", "pk": 5645, "fields": {"name": "ictive", "slug": "ictive"}}, {"model": "taggit.tag", "pk": 5646, "fields": {"name": "modeling", "slug": "modeling"}}, {"model": "taggit.tag", "pk": 5647, "fields": {"name": "analytics in", "slug": "analytics-in"}}, {"model": "taggit.tag", "pk": 5648, "fields": {"name": "churn analytics", "slug": "churn-analytics"}}, {"model": "taggit.tag", "pk": 5649, "fields": {"name": "modeling with", "slug": "modeling-with"}}, {"model": "taggit.tag", "pk": 5650, "fields": {"name": "study", "slug": "study"}}, {"model": "taggit.tag", "pk": 5651, "fields": {"name": "un", "slug": "un"}}, {"model": "taggit.tag", "pk": 5652, "fields": {"name": "preparation", "slug": "preparation"}}, {"model": "taggit.tag", "pk": 5653, "fields": {"name": "presales and bid management", "slug": "presales-and-bid-management"}}, {"model": "taggit.tag", "pk": 5654, "fields": {"name": "entation", "slug": "entation"}}, {"model": "taggit.tag", "pk": 5655, "fields": {"name": "making", "slug": "making"}}, {"model": "taggit.tag", "pk": 5656, "fields": {"name": "presentations", "slug": "presentations"}}, {"model": "taggit.tag", "pk": 5657, "fields": {"name": "deck making", "slug": "deck-making"}}, {"model": "taggit.tag", "pk": 5658, "fields": {"name": "directors", "slug": "directors"}}, {"model": "taggit.tag", "pk": 5659, "fields": {"name": "prestashop", "slug": "prestashop"}}, {"model": "taggit.tag", "pk": 5660, "fields": {"name": "primary", "slug": "primary"}}, {"model": "taggit.tag", "pk": 5661, "fields": {"name": "secondary research", "slug": "secondary-research"}}, {"model": "taggit.tag", "pk": 5662, "fields": {"name": "primavera", "slug": "primavera"}}, {"model": "taggit.tag", "pk": 5663, "fields": {"name": "primavera 6", "slug": "primavera-6"}}, {"model": "taggit.tag", "pk": 5664, "fields": {"name": "v8", "slug": "v8"}}, {"model": "taggit.tag", "pk": 5665, "fields": {"name": "suite", "slug": "suite"}}, {"model": "taggit.tag", "pk": 5666, "fields": {"name": "primawara", "slug": "primawara"}}, {"model": "taggit.tag", "pk": 5667, "fields": {"name": "efaces", "slug": "efaces"}}, {"model": "taggit.tag", "pk": 5668, "fields": {"name": "component analysis", "slug": "component-analysis"}}, {"model": "taggit.tag", "pk": 5669, "fields": {"name": "printing", "slug": "printing"}}, {"model": "taggit.tag", "pk": 5670, "fields": {"name": "art search", "slug": "art-search"}}, {"model": "taggit.tag", "pk": 5671, "fields": {"name": "pro", "slug": "pro"}}, {"model": "taggit.tag", "pk": 5672, "fields": {"name": "solver", "slug": "solver"}}, {"model": "taggit.tag", "pk": 5673, "fields": {"name": "solving ability", "slug": "solving-ability"}}, {"model": "taggit.tag", "pk": 5674, "fields": {"name": "problem solving and analysis", "slug": "problem-solving-and-analysis"}}, {"model": "taggit.tag", "pk": 5675, "fields": {"name": "motivated", "slug": "motivated"}}, {"model": "taggit.tag", "pk": 5676, "fields": {"name": "solving etc", "slug": "solving-etc"}}, {"model": "taggit.tag", "pk": 5677, "fields": {"name": "solving skills", "slug": "solving-skills"}}, {"model": "taggit.tag", "pk": 5678, "fields": {"name": "edures", "slug": "edures"}}, {"model": "taggit.tag", "pk": 5679, "fields": {"name": "& systems management", "slug": "systems-management"}}, {"model": "taggit.tag", "pk": 5680, "fields": {"name": "consultancy", "slug": "consultancy"}}, {"model": "taggit.tag", "pk": 5681, "fields": {"name": "definition", "slug": "definition"}}, {"model": "taggit.tag", "pk": 5682, "fields": {"name": "requirements", "slug": "requirements"}}, {"model": "taggit.tag", "pk": 5683, "fields": {"name": "documentatio", "slug": "documentatio"}}, {"model": "taggit.tag", "pk": 5684, "fields": {"name": "process economic feasibility studies", "slug": "process-economic-feasibility-studies"}}, {"model": "taggit.tag", "pk": 5685, "fields": {"name": "equipments design", "slug": "equipments-design"}}, {"model": "taggit.tag", "pk": 5686, "fields": {"name": "improvement engagements", "slug": "improvement-engagements"}}, {"model": "taggit.tag", "pk": 5687, "fields": {"name": "improvement", "slug": "improvement"}}, {"model": "taggit.tag", "pk": 5688, "fields": {"name": "improvements consulting", "slug": "improvements-consulting"}}, {"model": "taggit.tag", "pk": 5689, "fields": {"name": "migration", "slug": "migration"}}, {"model": "taggit.tag", "pk": 5690, "fields": {"name": "coordination", "slug": "coordination"}}, {"model": "taggit.tag", "pk": 5691, "fields": {"name": "performance benchmarking", "slug": "performance-benchmarking"}}, {"model": "taggit.tag", "pk": 5692, "fields": {"name": "re engineering", "slug": "re-engineering"}}, {"model": "taggit.tag", "pk": 5693, "fields": {"name": "review & complainces", "slug": "review-complainces"}}, {"model": "taggit.tag", "pk": 5694, "fields": {"name": "stream", "slug": "stream"}}, {"model": "taggit.tag", "pk": 5695, "fields": {"name": "training & documentation", "slug": "training-documentation"}}, {"model": "taggit.tag", "pk": 5696, "fields": {"name": "processes", "slug": "processes"}}, {"model": "taggit.tag", "pk": 5697, "fields": {"name": "however", "slug": "however"}}, {"model": "taggit.tag", "pk": 5698, "fields": {"name": "andtransition", "slug": "andtransition"}}, {"model": "taggit.tag", "pk": 5699, "fields": {"name": "proclarity", "slug": "proclarity"}}, {"model": "taggit.tag", "pk": 5700, "fields": {"name": "procurement", "slug": "procurement"}}, {"model": "taggit.tag", "pk": 5701, "fields": {"name": "& aupplier mgmt", "slug": "aupplier-mgmt"}}, {"model": "taggit.tag", "pk": 5702, "fields": {"name": "strategy specialist", "slug": "strategy-specialist"}}, {"model": "taggit.tag", "pk": 5703, "fields": {"name": "uct", "slug": "uct"}}, {"model": "taggit.tag", "pk": 5704, "fields": {"name": "design & architecture", "slug": "design-architecture"}}, {"model": "taggit.tag", "pk": 5705, "fields": {"name": "Product development analytics", "slug": "product-development-analytics"}}, {"model": "taggit.tag", "pk": 5706, "fields": {"name": "feature prioritisation", "slug": "feature-prioritisation"}}, {"model": "taggit.tag", "pk": 5707, "fields": {"name": "africa", "slug": "africa"}}, {"model": "taggit.tag", "pk": 5708, "fields": {"name": "incubation & development", "slug": "incubation-development"}}, {"model": "taggit.tag", "pk": 5709, "fields": {"name": "launch", "slug": "launch"}}, {"model": "taggit.tag", "pk": 5710, "fields": {"name": "management tool", "slug": "management-tool"}}, {"model": "taggit.tag", "pk": 5711, "fields": {"name": "cycle study", "slug": "cycle-study"}}, {"model": "taggit.tag", "pk": 5712, "fields": {"name": "m", "slug": "m"}}, {"model": "taggit.tag", "pk": 5713, "fields": {"name": "manger", "slug": "manger"}}, {"model": "taggit.tag", "pk": 5714, "fields": {"name": "platform development", "slug": "platform-development"}}, {"model": "taggit.tag", "pk": 5715, "fields": {"name": "program manager", "slug": "program-manager"}}, {"model": "taggit.tag", "pk": 5716, "fields": {"name": "roll", "slug": "roll"}}, {"model": "taggit.tag", "pk": 5717, "fields": {"name": "technical support", "slug": "technical-support"}}, {"model": "taggit.tag", "pk": 5718, "fields": {"name": "workshops", "slug": "workshops"}}, {"model": "taggit.tag", "pk": 5719, "fields": {"name": "uction", "slug": "uction"}}, {"model": "taggit.tag", "pk": 5720, "fields": {"name": "planning control", "slug": "planning-control"}}, {"model": "taggit.tag", "pk": 5721, "fields": {"name": "productivity", "slug": "productivity"}}, {"model": "taggit.tag", "pk": 5722, "fields": {"name": "products", "slug": "products"}}, {"model": "taggit.tag", "pk": 5723, "fields": {"name": "companies", "slug": "companies"}}, {"model": "taggit.tag", "pk": 5724, "fields": {"name": "essional", "slug": "essional"}}, {"model": "taggit.tag", "pk": 5725, "fields": {"name": "proficiency in electrical machine and switchgear devices", "slug": "proficiency-in-electrical-machine-and-switchgear-devices"}}, {"model": "taggit.tag", "pk": 5726, "fields": {"name": "in", "slug": "in"}}, {"model": "taggit.tag", "pk": 5727, "fields": {"name": "in windows", "slug": "in-windows"}}, {"model": "taggit.tag", "pk": 5728, "fields": {"name": "communicator", "slug": "communicator"}}, {"model": "taggit.tag", "pk": 5729, "fields": {"name": "smoke", "slug": "smoke"}}, {"model": "taggit.tag", "pk": 5730, "fields": {"name": "r statistical programming software", "slug": "r-statistical-programming-software"}}, {"model": "taggit.tag", "pk": 5731, "fields": {"name": "program", "slug": "program"}}, {"model": "taggit.tag", "pk": 5732, "fields": {"name": "sales operations", "slug": "sales-operations"}}, {"model": "taggit.tag", "pk": 5733, "fields": {"name": "managementtelecom", "slug": "managementtelecom"}}, {"model": "taggit.tag", "pk": 5734, "fields": {"name": "programing", "slug": "programing"}}, {"model": "taggit.tag", "pk": 5735, "fields": {"name": "spss statistics 6) spss modeler", "slug": "spss-statistics-6-spss-modeler"}}, {"model": "taggit.tag", "pk": 5736, "fields": {"name": "languages known", "slug": "languages-known"}}, {"model": "taggit.tag", "pk": 5737, "fields": {"name": "Project analytics", "slug": "project-analytics"}}, {"model": "taggit.tag", "pk": 5738, "fields": {"name": "project and program management", "slug": "project-and-program-management"}}, {"model": "taggit.tag", "pk": 5739, "fields": {"name": "coordinator", "slug": "coordinator"}}, {"model": "taggit.tag", "pk": 5740, "fields": {"name": "development & planning", "slug": "development-planning"}}, {"model": "taggit.tag", "pk": 5741, "fields": {"name": "line", "slug": "line"}}, {"model": "taggit.tag", "pk": 5742, "fields": {"name": "budgeting", "slug": "budgeting"}}, {"model": "taggit.tag", "pk": 5743, "fields": {"name": "project planning", "slug": "project-planning"}}, {"model": "taggit.tag", "pk": 5744, "fields": {"name": "view", "slug": "view"}}, {"model": "taggit.tag", "pk": 5745, "fields": {"name": "view charts", "slug": "view-charts"}}, {"model": "taggit.tag", "pk": 5746, "fields": {"name": "desktop", "slug": "desktop"}}, {"model": "taggit.tag", "pk": 5747, "fields": {"name": "qliksense", "slug": "qliksense"}}, {"model": "taggit.tag", "pk": 5748, "fields": {"name": "qliksense1", "slug": "qliksense1"}}, {"model": "taggit.tag", "pk": 5749, "fields": {"name": "qmail", "slug": "qmail"}}, {"model": "taggit.tag", "pk": 5750, "fields": {"name": "qml", "slug": "qml"}}, {"model": "taggit.tag", "pk": 5751, "fields": {"name": "qms", "slug": "qms"}}, {"model": "taggit.tag", "pk": 5752, "fields": {"name": "qmtest", "slug": "qmtest"}}, {"model": "taggit.tag", "pk": 5753, "fields": {"name": "qnx neutrino", "slug": "qnx-neutrino"}}, {"model": "taggit.tag", "pk": 5754, "fields": {"name": "qpm", "slug": "qpm"}}, {"model": "taggit.tag", "pk": 5755, "fields": {"name": "qps", "slug": "qps"}}, {"model": "taggit.tag", "pk": 5756, "fields": {"name": "qt", "slug": "qt"}}, {"model": "taggit.tag", "pk": 5757, "fields": {"name": "qtp", "slug": "qtp"}}, {"model": "taggit.tag", "pk": 5758, "fields": {"name": "quality analysis", "slug": "quality-analysis"}}, {"model": "taggit.tag", "pk": 5759, "fields": {"name": "quickview", "slug": "quickview"}}, {"model": "taggit.tag", "pk": 5760, "fields": {"name": "qvd", "slug": "qvd"}}, {"model": "taggit.tag", "pk": 5761, "fields": {"name": "reseach", "slug": "reseach"}}, {"model": "taggit.tag", "pk": 5762, "fields": {"name": "random forest", "slug": "random-forest"}}, {"model": "taggit.tag", "pk": 5763, "fields": {"name": "rapidminer", "slug": "rapidminer"}}, {"model": "taggit.tag", "pk": 5764, "fields": {"name": "raspberry pi", "slug": "raspberry-pi"}}, {"model": "taggit.tag", "pk": 5765, "fields": {"name": "ray", "slug": "ray"}}, {"model": "taggit.tag", "pk": 5766, "fields": {"name": "razor", "slug": "razor"}}, {"model": "taggit.tag", "pk": 5767, "fields": {"name": "rbm", "slug": "rbm"}}, {"model": "taggit.tag", "pk": 5768, "fields": {"name": "rcp", "slug": "rcp"}}, {"model": "taggit.tag", "pk": 5769, "fields": {"name": "rcsa", "slug": "rcsa"}}, {"model": "taggit.tag", "pk": 5770, "fields": {"name": "rdbms", "slug": "rdbms"}}, {"model": "taggit.tag", "pk": 5771, "fields": {"name": "rdc", "slug": "rdc"}}, {"model": "taggit.tag", "pk": 5772, "fields": {"name": "rdfs", "slug": "rdfs"}}, {"model": "taggit.tag", "pk": 5773, "fields": {"name": "rds", "slug": "rds"}}, {"model": "taggit.tag", "pk": 5774, "fields": {"name": "redhat", "slug": "redhat"}}, {"model": "taggit.tag", "pk": 5775, "fields": {"name": "transition and streamlining", "slug": "transition-and-streamlining"}}, {"model": "taggit.tag", "pk": 5776, "fields": {"name": "submission", "slug": "submission"}}, {"model": "taggit.tag", "pk": 5777, "fields": {"name": "reinsurance", "slug": "reinsurance"}}, {"model": "taggit.tag", "pk": 5778, "fields": {"name": "approach", "slug": "approach"}}, {"model": "taggit.tag", "pk": 5779, "fields": {"name": "reliability", "slug": "reliability"}}, {"model": "taggit.tag", "pk": 5780, "fields": {"name": "remedy", "slug": "remedy"}}, {"model": "taggit.tag", "pk": 5781, "fields": {"name": "sensing", "slug": "sensing"}}, {"model": "taggit.tag", "pk": 5782, "fields": {"name": "repair", "slug": "repair"}}, {"model": "taggit.tag", "pk": 5783, "fields": {"name": "requirement analysis", "slug": "requirement-analysis"}}, {"model": "taggit.tag", "pk": 5784, "fields": {"name": "compliance", "slug": "compliance"}}, {"model": "taggit.tag", "pk": 5785, "fields": {"name": "resource management", "slug": "resource-management"}}, {"model": "taggit.tag", "pk": 5786, "fields": {"name": "response modelling", "slug": "response-modelling"}}, {"model": "taggit.tag", "pk": 5787, "fields": {"name": "restful web services", "slug": "restful-web-services"}}, {"model": "taggit.tag", "pk": 5788, "fields": {"name": "web services", "slug": "web-services"}}, {"model": "taggit.tag", "pk": 5789, "fields": {"name": "webservices", "slug": "webservices"}}, {"model": "taggit.tag", "pk": 5790, "fields": {"name": "revaluation", "slug": "revaluation"}}, {"model": "taggit.tag", "pk": 5791, "fields": {"name": "revenue", "slug": "revenue"}}, {"model": "taggit.tag", "pk": 5792, "fields": {"name": "rex", "slug": "rex"}}, {"model": "taggit.tag", "pk": 5793, "fields": {"name": "rfc", "slug": "rfc"}}, {"model": "taggit.tag", "pk": 5794, "fields": {"name": "rfi", "slug": "rfi"}}, {"model": "taggit.tag", "pk": 5795, "fields": {"name": "rfm", "slug": "rfm"}}, {"model": "taggit.tag", "pk": 5796, "fields": {"name": "rfp", "slug": "rfp"}}, {"model": "taggit.tag", "pk": 5797, "fields": {"name": "rfq", "slug": "rfq"}}, {"model": "taggit.tag", "pk": 5798, "fields": {"name": "rfx", "slug": "rfx"}}, {"model": "taggit.tag", "pk": 5799, "fields": {"name": "rga", "slug": "rga"}}, {"model": "taggit.tag", "pk": 5800, "fields": {"name": "rhcava", "slug": "rhcava"}}, {"model": "taggit.tag", "pk": 5801, "fields": {"name": "rhce", "slug": "rhce"}}, {"model": "taggit.tag", "pk": 5802, "fields": {"name": "rhel", "slug": "rhel"}}, {"model": "taggit.tag", "pk": 5803, "fields": {"name": "richfaces", "slug": "richfaces"}}, {"model": "taggit.tag", "pk": 5804, "fields": {"name": "risk analysis", "slug": "risk-analysis"}}, {"model": "taggit.tag", "pk": 5805, "fields": {"name": "rmbs", "slug": "rmbs"}}, {"model": "taggit.tag", "pk": 5806, "fields": {"name": "rmge", "slug": "rmge"}}, {"model": "taggit.tag", "pk": 5807, "fields": {"name": "rmi", "slug": "rmi"}}, {"model": "taggit.tag", "pk": 5808, "fields": {"name": "rms", "slug": "rms"}}, {"model": "taggit.tag", "pk": 5809, "fields": {"name": "rna", "slug": "rna"}}, {"model": "taggit.tag", "pk": 5810, "fields": {"name": "roadmaps", "slug": "roadmaps"}}, {"model": "taggit.tag", "pk": 5811, "fields": {"name": "robotics", "slug": "robotics"}}, {"model": "taggit.tag", "pk": 5812, "fields": {"name": "return on investment analysis", "slug": "return-on-investment-analysis"}}, {"model": "taggit.tag", "pk": 5813, "fields": {"name": "roll out", "slug": "roll-out"}}, {"model": "taggit.tag", "pk": 5814, "fields": {"name": "cause analysis", "slug": "cause-analysis"}}, {"model": "taggit.tag", "pk": 5815, "fields": {"name": "ror", "slug": "ror"}}, {"model": "taggit.tag", "pk": 5816, "fields": {"name": "router", "slug": "router"}}, {"model": "taggit.tag", "pk": 5817, "fields": {"name": "office adminstration", "slug": "office-adminstration"}}, {"model": "taggit.tag", "pk": 5818, "fields": {"name": "rpc", "slug": "rpc"}}, {"model": "taggit.tag", "pk": 5819, "fields": {"name": "rpd", "slug": "rpd"}}, {"model": "taggit.tag", "pk": 5820, "fields": {"name": "rpg", "slug": "rpg"}}, {"model": "taggit.tag", "pk": 5821, "fields": {"name": "rpgile", "slug": "rpgile"}}, {"model": "taggit.tag", "pk": 5822, "fields": {"name": "rsa", "slug": "rsa"}}, {"model": "taggit.tag", "pk": 5823, "fields": {"name": "rspec", "slug": "rspec"}}, {"model": "taggit.tag", "pk": 5824, "fields": {"name": "rstudio", "slug": "rstudio"}}, {"model": "taggit.tag", "pk": 5825, "fields": {"name": "rsync", "slug": "rsync"}}, {"model": "taggit.tag", "pk": 5826, "fields": {"name": "rtc", "slug": "rtc"}}, {"model": "taggit.tag", "pk": 5827, "fields": {"name": "rtl", "slug": "rtl"}}, {"model": "taggit.tag", "pk": 5828, "fields": {"name": "rtmp", "slug": "rtmp"}}, {"model": "taggit.tag", "pk": 5829, "fields": {"name": "rtos", "slug": "rtos"}}, {"model": "taggit.tag", "pk": 5830, "fields": {"name": "ruby", "slug": "ruby"}}, {"model": "taggit.tag", "pk": 5831, "fields": {"name": "ruby on rails", "slug": "ruby-on-rails"}}, {"model": "taggit.tag", "pk": 5832, "fields": {"name": "jquey", "slug": "jquey"}}, {"model": "taggit.tag", "pk": 5833, "fields": {"name": "rule engine", "slug": "rule-engine"}}, {"model": "taggit.tag", "pk": 5834, "fields": {"name": "rup", "slug": "rup"}}, {"model": "taggit.tag", "pk": 5835, "fields": {"name": "rvm", "slug": "rvm"}}, {"model": "taggit.tag", "pk": 5836, "fields": {"name": "rwa", "slug": "rwa"}}, {"model": "taggit.tag", "pk": 5837, "fields": {"name": "rwd", "slug": "rwd"}}, {"model": "taggit.tag", "pk": 5838, "fields": {"name": "scope", "slug": "scope"}}, {"model": "taggit.tag", "pk": 5839, "fields": {"name": "cosmos", "slug": "cosmos"}}, {"model": "taggit.tag", "pk": 5840, "fields": {"name": "s toolbox", "slug": "s-toolbox"}}, {"model": "taggit.tag", "pk": 5841, "fields": {"name": "capital iq valuation", "slug": "capital-iq-valuation"}}, {"model": "taggit.tag", "pk": 5842, "fields": {"name": "saa macros", "slug": "saa-macros"}}, {"model": "taggit.tag", "pk": 5843, "fields": {"name": "sales.mis", "slug": "salesmis"}}, {"model": "taggit.tag", "pk": 5844, "fields": {"name": "samba", "slug": "samba"}}, {"model": "taggit.tag", "pk": 5845, "fields": {"name": "saml", "slug": "saml"}}, {"model": "taggit.tag", "pk": 5846, "fields": {"name": "bi", "slug": "bi"}}, {"model": "taggit.tag", "pk": 5847, "fields": {"name": "bo", "slug": "bo"}}, {"model": "taggit.tag", "pk": 5848, "fields": {"name": "sap.bi", "slug": "sapbi"}}, {"model": "taggit.tag", "pk": 5849, "fields": {"name": "bw", "slug": "bw"}}, {"model": "taggit.tag", "pk": 5850, "fields": {"name": "r3", "slug": "r3"}}, {"model": "taggit.tag", "pk": 5851, "fields": {"name": "scala", "slug": "scala"}}, {"model": "taggit.tag", "pk": 5852, "fields": {"name": "scikit", "slug": "scikit"}}, {"model": "taggit.tag", "pk": 5853, "fields": {"name": "scilab", "slug": "scilab"}}, {"model": "taggit.tag", "pk": 5854, "fields": {"name": "scjp", "slug": "scjp"}}, {"model": "taggit.tag", "pk": 5855, "fields": {"name": "sclm", "slug": "sclm"}}, {"model": "taggit.tag", "pk": 5856, "fields": {"name": "scm", "slug": "scm"}}, {"model": "taggit.tag", "pk": 5857, "fields": {"name": "sco unix", "slug": "sco-unix"}}, {"model": "taggit.tag", "pk": 5858, "fields": {"name": "scoop", "slug": "scoop"}}, {"model": "taggit.tag", "pk": 5859, "fields": {"name": "scrutiny", "slug": "scrutiny"}}, {"model": "taggit.tag", "pk": 5860, "fields": {"name": "scsi", "slug": "scsi"}}, {"model": "taggit.tag", "pk": 5861, "fields": {"name": "scss", "slug": "scss"}}, {"model": "taggit.tag", "pk": 5862, "fields": {"name": "scst", "slug": "scst"}}, {"model": "taggit.tag", "pk": 5863, "fields": {"name": "search engine", "slug": "search-engine"}}, {"model": "taggit.tag", "pk": 5864, "fields": {"name": "security analysis", "slug": "security-analysis"}}, {"model": "taggit.tag", "pk": 5865, "fields": {"name": "segmentation", "slug": "segmentation"}}, {"model": "taggit.tag", "pk": 5866, "fields": {"name": "seibel", "slug": "seibel"}}, {"model": "taggit.tag", "pk": 5867, "fields": {"name": "selendroid", "slug": "selendroid"}}, {"model": "taggit.tag", "pk": 5868, "fields": {"name": "selenium", "slug": "selenium"}}, {"model": "taggit.tag", "pk": 5869, "fields": {"name": "semantic web", "slug": "semantic-web"}}, {"model": "taggit.tag", "pk": 5870, "fields": {"name": "content writer", "slug": "content-writer"}}, {"model": "taggit.tag", "pk": 5871, "fields": {"name": "data analyst", "slug": "data-analyst"}}, {"model": "taggit.tag", "pk": 5872, "fields": {"name": "leadership skills", "slug": "leadership-skills"}}, {"model": "taggit.tag", "pk": 5873, "fields": {"name": "research analyst", "slug": "research-analyst"}}, {"model": "taggit.tag", "pk": 5874, "fields": {"name": "sepa", "slug": "sepa"}}, {"model": "taggit.tag", "pk": 5875, "fields": {"name": "sepg", "slug": "sepg"}}, {"model": "taggit.tag", "pk": 5876, "fields": {"name": "seq", "slug": "seq"}}, {"model": "taggit.tag", "pk": 5877, "fields": {"name": "series", "slug": "series"}}, {"model": "taggit.tag", "pk": 5878, "fields": {"name": "web application", "slug": "web-application"}}, {"model": "taggit.tag", "pk": 5879, "fields": {"name": "service", "slug": "service"}}, {"model": "taggit.tag", "pk": 5880, "fields": {"name": "service assurance", "slug": "service-assurance"}}, {"model": "taggit.tag", "pk": 5881, "fields": {"name": "service delivery", "slug": "service-delivery"}}, {"model": "taggit.tag", "pk": 5882, "fields": {"name": "servlet", "slug": "servlet"}}, {"model": "taggit.tag", "pk": 5883, "fields": {"name": "border controller", "slug": "border-controller"}}, {"model": "taggit.tag", "pk": 5884, "fields": {"name": "sfdc", "slug": "sfdc"}}, {"model": "taggit.tag", "pk": 5885, "fields": {"name": "sfe", "slug": "sfe"}}, {"model": "taggit.tag", "pk": 5886, "fields": {"name": "sgsn", "slug": "sgsn"}}, {"model": "taggit.tag", "pk": 5887, "fields": {"name": "shell", "slug": "shell"}}, {"model": "taggit.tag", "pk": 5888, "fields": {"name": "shell script", "slug": "shell-script"}}, {"model": "taggit.tag", "pk": 5889, "fields": {"name": "shellscript", "slug": "shellscript"}}, {"model": "taggit.tag", "pk": 5890, "fields": {"name": "shiny", "slug": "shiny"}}, {"model": "taggit.tag", "pk": 5891, "fields": {"name": "siebel", "slug": "siebel"}}, {"model": "taggit.tag", "pk": 5892, "fields": {"name": "siem", "slug": "siem"}}, {"model": "taggit.tag", "pk": 5893, "fields": {"name": "silverlite", "slug": "silverlite"}}, {"model": "taggit.tag", "pk": 5894, "fields": {"name": "simatic", "slug": "simatic"}}, {"model": "taggit.tag", "pk": 5895, "fields": {"name": "test market", "slug": "test-market"}}, {"model": "taggit.tag", "pk": 5896, "fields": {"name": "simulation", "slug": "simulation"}}, {"model": "taggit.tag", "pk": 5897, "fields": {"name": "simulation modelling", "slug": "simulation-modelling"}}, {"model": "taggit.tag", "pk": 5898, "fields": {"name": "simulink", "slug": "simulink"}}, {"model": "taggit.tag", "pk": 5899, "fields": {"name": "sincere", "slug": "sincere"}}, {"model": "taggit.tag", "pk": 5900, "fields": {"name": "sip", "slug": "sip"}}, {"model": "taggit.tag", "pk": 5901, "fields": {"name": "sit", "slug": "sit"}}, {"model": "taggit.tag", "pk": 5902, "fields": {"name": "site catalyst", "slug": "site-catalyst"}}, {"model": "taggit.tag", "pk": 5903, "fields": {"name": "site execution", "slug": "site-execution"}}, {"model": "taggit.tag", "pk": 5904, "fields": {"name": "site incharge", "slug": "site-incharge"}}, {"model": "taggit.tag", "pk": 5905, "fields": {"name": "site management", "slug": "site-management"}}, {"model": "taggit.tag", "pk": 5906, "fields": {"name": "site implementation", "slug": "site-implementation"}}, {"model": "taggit.tag", "pk": 5907, "fields": {"name": "sitecatalyst", "slug": "sitecatalyst"}}, {"model": "taggit.tag", "pk": 5908, "fields": {"name": "sitecore", "slug": "sitecore"}}, {"model": "taggit.tag", "pk": 5909, "fields": {"name": "sitefinity", "slug": "sitefinity"}}, {"model": "taggit.tag", "pk": 5910, "fields": {"name": "lean", "slug": "lean"}}, {"model": "taggit.tag", "pk": 5911, "fields": {"name": "quality analytics", "slug": "quality-analytics"}}, {"model": "taggit.tag", "pk": 5912, "fields": {"name": "skelta", "slug": "skelta"}}, {"model": "taggit.tag", "pk": 5913, "fields": {"name": "sketchbook pro", "slug": "sketchbook-pro"}}, {"model": "taggit.tag", "pk": 5914, "fields": {"name": "sketching", "slug": "sketching"}}, {"model": "taggit.tag", "pk": 5915, "fields": {"name": "smartlink", "slug": "smartlink"}}, {"model": "taggit.tag", "pk": 5916, "fields": {"name": "smartpls", "slug": "smartpls"}}, {"model": "taggit.tag", "pk": 5917, "fields": {"name": "smartsheet", "slug": "smartsheet"}}, {"model": "taggit.tag", "pk": 5918, "fields": {"name": "smartsignal", "slug": "smartsignal"}}, {"model": "taggit.tag", "pk": 5919, "fields": {"name": "smarty", "slug": "smarty"}}, {"model": "taggit.tag", "pk": 5920, "fields": {"name": "sme", "slug": "sme"}}, {"model": "taggit.tag", "pk": 5921, "fields": {"name": "smm", "slug": "smm"}}, {"model": "taggit.tag", "pk": 5922, "fields": {"name": "smo", "slug": "smo"}}, {"model": "taggit.tag", "pk": 5923, "fields": {"name": "smpp", "slug": "smpp"}}, {"model": "taggit.tag", "pk": 5924, "fields": {"name": "sms", "slug": "sms"}}, {"model": "taggit.tag", "pk": 5925, "fields": {"name": "snagit", "slug": "snagit"}}, {"model": "taggit.tag", "pk": 5926, "fields": {"name": "snia", "slug": "snia"}}, {"model": "taggit.tag", "pk": 5927, "fields": {"name": "snmp", "slug": "snmp"}}, {"model": "taggit.tag", "pk": 5928, "fields": {"name": "soa", "slug": "soa"}}, {"model": "taggit.tag", "pk": 5929, "fields": {"name": "soap", "slug": "soap"}}, {"model": "taggit.tag", "pk": 5930, "fields": {"name": "restful", "slug": "restful"}}, {"model": "taggit.tag", "pk": 5931, "fields": {"name": "soc", "slug": "soc"}}, {"model": "taggit.tag", "pk": 5932, "fields": {"name": "social listening", "slug": "social-listening"}}, {"model": "taggit.tag", "pk": 5933, "fields": {"name": "social media", "slug": "social-media"}}, {"model": "taggit.tag", "pk": 5934, "fields": {"name": "soft compting", "slug": "soft-compting"}}, {"model": "taggit.tag", "pk": 5935, "fields": {"name": "software analyst", "slug": "software-analyst"}}, {"model": "taggit.tag", "pk": 5936, "fields": {"name": "software architecture", "slug": "software-architecture"}}, {"model": "taggit.tag", "pk": 5937, "fields": {"name": "software as a service", "slug": "software-as-a-service"}}, {"model": "taggit.tag", "pk": 5938, "fields": {"name": "saas", "slug": "saas"}}, {"model": "taggit.tag", "pk": 5939, "fields": {"name": "sam", "slug": "sam"}}, {"model": "taggit.tag", "pk": 5940, "fields": {"name": "software design", "slug": "software-design"}}, {"model": "taggit.tag", "pk": 5941, "fields": {"name": "software developer", "slug": "software-developer"}}, {"model": "taggit.tag", "pk": 5942, "fields": {"name": "data ware housing", "slug": "data-ware-housing"}}, {"model": "taggit.tag", "pk": 5943, "fields": {"name": "software engineering", "slug": "software-engineering"}}, {"model": "taggit.tag", "pk": 5944, "fields": {"name": "software licensing", "slug": "software-licensing"}}, {"model": "taggit.tag", "pk": 5945, "fields": {"name": "software sales", "slug": "software-sales"}}, {"model": "taggit.tag", "pk": 5946, "fields": {"name": "software support", "slug": "software-support"}}, {"model": "taggit.tag", "pk": 5947, "fields": {"name": "software testing", "slug": "software-testing"}}, {"model": "taggit.tag", "pk": 5948, "fields": {"name": "solaris ", "slug": "solaris"}}, {"model": "taggit.tag", "pk": 5949, "fields": {"name": "solid edge", "slug": "solid-edge"}}, {"model": "taggit.tag", "pk": 5950, "fields": {"name": "solid works", "slug": "solid-works"}}, {"model": "taggit.tag", "pk": 5951, "fields": {"name": "solrnet", "slug": "solrnet"}}, {"model": "taggit.tag", "pk": 5952, "fields": {"name": "sonar", "slug": "sonar"}}, {"model": "taggit.tag", "pk": 5953, "fields": {"name": "qube", "slug": "qube"}}, {"model": "taggit.tag", "pk": 5954, "fields": {"name": "metric management", "slug": "metric-management"}}, {"model": "taggit.tag", "pk": 5955, "fields": {"name": "sops", "slug": "sops"}}, {"model": "taggit.tag", "pk": 5956, "fields": {"name": "sort", "slug": "sort"}}, {"model": "taggit.tag", "pk": 5957, "fields": {"name": "tom", "slug": "tom"}}, {"model": "taggit.tag", "pk": 5958, "fields": {"name": "sourcing", "slug": "sourcing"}}, {"model": "taggit.tag", "pk": 5959, "fields": {"name": "procurement strategy", "slug": "procurement-strategy"}}, {"model": "taggit.tag", "pk": 5960, "fields": {"name": "sow", "slug": "sow"}}, {"model": "taggit.tag", "pk": 5961, "fields": {"name": "sox", "slug": "sox"}}, {"model": "taggit.tag", "pk": 5962, "fields": {"name": "sp", "slug": "sp"}}, {"model": "taggit.tag", "pk": 5963, "fields": {"name": "sparql query", "slug": "sparql-query"}}, {"model": "taggit.tag", "pk": 5964, "fields": {"name": "warehousing", "slug": "warehousing"}}, {"model": "taggit.tag", "pk": 5965, "fields": {"name": "spend analysis", "slug": "spend-analysis"}}, {"model": "taggit.tag", "pk": 5966, "fields": {"name": "spira", "slug": "spira"}}, {"model": "taggit.tag", "pk": 5967, "fields": {"name": "splunk", "slug": "splunk"}}, {"model": "taggit.tag", "pk": 5968, "fields": {"name": "oozie", "slug": "oozie"}}, {"model": "taggit.tag", "pk": 5969, "fields": {"name": "splus", "slug": "splus"}}, {"model": "taggit.tag", "pk": 5970, "fields": {"name": "spotfire", "slug": "spotfire"}}, {"model": "taggit.tag", "pk": 5971, "fields": {"name": "sheet modeling", "slug": "sheet-modeling"}}, {"model": "taggit.tag", "pk": 5972, "fields": {"name": "spring", "slug": "spring"}}, {"model": "taggit.tag", "pk": 5973, "fields": {"name": "sprinklr", "slug": "sprinklr"}}, {"model": "taggit.tag", "pk": 5974, "fields": {"name": "sprints", "slug": "sprints"}}, {"model": "taggit.tag", "pk": 5975, "fields": {"name": "sps", "slug": "sps"}}, {"model": "taggit.tag", "pk": 5976, "fields": {"name": "ods", "slug": "ods"}}, {"model": "taggit.tag", "pk": 5977, "fields": {"name": "qmf", "slug": "qmf"}}, {"model": "taggit.tag", "pk": 5978, "fields": {"name": "10g", "slug": "10g"}}, {"model": "taggit.tag", "pk": 5979, "fields": {"name": "plsql", "slug": "plsql"}}, {"model": "taggit.tag", "pk": 5980, "fields": {"name": "ssis", "slug": "ssis"}}, {"model": "taggit.tag", "pk": 5981, "fields": {"name": "sqash", "slug": "sqash"}}, {"model": "taggit.tag", "pk": 5982, "fields": {"name": "squid", "slug": "squid"}}, {"model": "taggit.tag", "pk": 5983, "fields": {"name": "squoop", "slug": "squoop"}}, {"model": "taggit.tag", "pk": 5984, "fields": {"name": "ssas", "slug": "ssas"}}, {"model": "taggit.tag", "pk": 5985, "fields": {"name": "ssd", "slug": "ssd"}}, {"model": "taggit.tag", "pk": 5986, "fields": {"name": "ssi", "slug": "ssi"}}, {"model": "taggit.tag", "pk": 5987, "fields": {"name": "crystal", "slug": "crystal"}}, {"model": "taggit.tag", "pk": 5988, "fields": {"name": "ssma", "slug": "ssma"}}, {"model": "taggit.tag", "pk": 5989, "fields": {"name": "ssms", "slug": "ssms"}}, {"model": "taggit.tag", "pk": 5990, "fields": {"name": "sso", "slug": "sso"}}, {"model": "taggit.tag", "pk": 5991, "fields": {"name": "ssqs", "slug": "ssqs"}}, {"model": "taggit.tag", "pk": 5992, "fields": {"name": "staadpro", "slug": "staadpro"}}, {"model": "taggit.tag", "pk": 5993, "fields": {"name": "analysis fresher", "slug": "analysis-fresher"}}, {"model": "taggit.tag", "pk": 5994, "fields": {"name": "statistical analysis of data sets", "slug": "statistical-analysis-of-data-sets"}}, {"model": "taggit.tag", "pk": 5995, "fields": {"name": "statistical inference", "slug": "statistical-inference"}}, {"model": "taggit.tag", "pk": 5996, "fields": {"name": "econometric", "slug": "econometric"}}, {"model": "taggit.tag", "pk": 5997, "fields": {"name": "data extraction", "slug": "data-extraction"}}, {"model": "taggit.tag", "pk": 5998, "fields": {"name": "stochastic simulations", "slug": "stochastic-simulations"}}, {"model": "taggit.tag", "pk": 5999, "fields": {"name": "simulations", "slug": "simulations"}}, {"model": "taggit.tag", "pk": 6000, "fields": {"name": "stocks", "slug": "stocks"}}, {"model": "taggit.tag", "pk": 6001, "fields": {"name": "storage", "slug": "storage"}}, {"model": "taggit.tag", "pk": 6002, "fields": {"name": "store clustering", "slug": "store-clustering"}}, {"model": "taggit.tag", "pk": 6003, "fields": {"name": "stp", "slug": "stp"}}, {"model": "taggit.tag", "pk": 6004, "fields": {"name": "strategic thinking", "slug": "strategic-thinking"}}, {"model": "taggit.tag", "pk": 6005, "fields": {"name": "risk anlytics", "slug": "risk-anlytics"}}, {"model": "taggit.tag", "pk": 6006, "fields": {"name": "roadmap", "slug": "roadmap"}}, {"model": "taggit.tag", "pk": 6007, "fields": {"name": "informatica", "slug": "informatica"}}, {"model": "taggit.tag", "pk": 6008, "fields": {"name": "oops", "slug": "oops"}}, {"model": "taggit.tag", "pk": 6009, "fields": {"name": "structs", "slug": "structs"}}, {"model": "taggit.tag", "pk": 6010, "fields": {"name": "cturing", "slug": "cturing"}}, {"model": "taggit.tag", "pk": 6011, "fields": {"name": "struts", "slug": "struts"}}, {"model": "taggit.tag", "pk": 6012, "fields": {"name": "stylecop", "slug": "stylecop"}}, {"model": "taggit.tag", "pk": 6013, "fields": {"name": "sugarcrm", "slug": "sugarcrm"}}, {"model": "taggit.tag", "pk": 6014, "fields": {"name": "sumif", "slug": "sumif"}}, {"model": "taggit.tag", "pk": 6015, "fields": {"name": "supervised learning", "slug": "supervised-learning"}}, {"model": "taggit.tag", "pk": 6016, "fields": {"name": "unsupervised learning", "slug": "unsupervised-learning"}}, {"model": "taggit.tag", "pk": 6017, "fields": {"name": "cluster analysis", "slug": "cluster-analysis"}}, {"model": "taggit.tag", "pk": 6018, "fields": {"name": "gizmo", "slug": "gizmo"}}, {"model": "taggit.tag", "pk": 6019, "fields": {"name": "statistical inferrence", "slug": "statistical-inferrence"}}, {"model": "taggit.tag", "pk": 6020, "fields": {"name": "suse", "slug": "suse"}}, {"model": "taggit.tag", "pk": 6021, "fields": {"name": "svm", "slug": "svm"}}, {"model": "taggit.tag", "pk": 6022, "fields": {"name": "sw architecture", "slug": "sw-architecture"}}, {"model": "taggit.tag", "pk": 6023, "fields": {"name": "swaps", "slug": "swaps"}}, {"model": "taggit.tag", "pk": 6024, "fields": {"name": "swf", "slug": "swf"}}, {"model": "taggit.tag", "pk": 6025, "fields": {"name": "swift", "slug": "swift"}}, {"model": "taggit.tag", "pk": 6026, "fields": {"name": "system analysis", "slug": "system-analysis"}}, {"model": "taggit.tag", "pk": 6027, "fields": {"name": "kernel programming", "slug": "kernel-programming"}}, {"model": "taggit.tag", "pk": 6028, "fields": {"name": "system architecture", "slug": "system-architecture"}}, {"model": "taggit.tag", "pk": 6029, "fields": {"name": "integration", "slug": "integration"}}, {"model": "taggit.tag", "pk": 6030, "fields": {"name": "systems development", "slug": "systems-development"}}, {"model": "taggit.tag", "pk": 6031, "fields": {"name": "table", "slug": "table"}}, {"model": "taggit.tag", "pk": 6032, "fields": {"name": "logixml", "slug": "logixml"}}, {"model": "taggit.tag", "pk": 6033, "fields": {"name": "talend", "slug": "talend"}}, {"model": "taggit.tag", "pk": 6034, "fields": {"name": "talendtalend", "slug": "talendtalend"}}, {"model": "taggit.tag", "pk": 6035, "fields": {"name": "talent", "slug": "talent"}}, {"model": "taggit.tag", "pk": 6036, "fields": {"name": "talent acquisition", "slug": "talent-acquisition"}}, {"model": "taggit.tag", "pk": 6037, "fields": {"name": "talent analytics", "slug": "talent-analytics"}}, {"model": "taggit.tag", "pk": 6038, "fields": {"name": "talent development", "slug": "talent-development"}}, {"model": "taggit.tag", "pk": 6039, "fields": {"name": "talent engagement", "slug": "talent-engagement"}}, {"model": "taggit.tag", "pk": 6040, "fields": {"name": "talent management", "slug": "talent-management"}}, {"model": "taggit.tag", "pk": 6041, "fields": {"name": "talent mapping", "slug": "talent-mapping"}}, {"model": "taggit.tag", "pk": 6042, "fields": {"name": "pool analysis", "slug": "pool-analysis"}}, {"model": "taggit.tag", "pk": 6043, "fields": {"name": "talent retention", "slug": "talent-retention"}}, {"model": "taggit.tag", "pk": 6044, "fields": {"name": "talent sourcing", "slug": "talent-sourcing"}}, {"model": "taggit.tag", "pk": 6045, "fields": {"name": "taleo", "slug": "taleo"}}, {"model": "taggit.tag", "pk": 6046, "fields": {"name": "tally", "slug": "tally"}}, {"model": "taggit.tag", "pk": 6047, "fields": {"name": "teamforge", "slug": "teamforge"}}, {"model": "taggit.tag", "pk": 6048, "fields": {"name": "tecdoc", "slug": "tecdoc"}}, {"model": "taggit.tag", "pk": 6049, "fields": {"name": "technical analysis", "slug": "technical-analysis"}}, {"model": "taggit.tag", "pk": 6050, "fields": {"name": "technical architect", "slug": "technical-architect"}}, {"model": "taggit.tag", "pk": 6051, "fields": {"name": "technical consultancy", "slug": "technical-consultancy"}}, {"model": "taggit.tag", "pk": 6052, "fields": {"name": "technical documentation", "slug": "technical-documentation"}}, {"model": "taggit.tag", "pk": 6053, "fields": {"name": "meshing", "slug": "meshing"}}, {"model": "taggit.tag", "pk": 6054, "fields": {"name": "thunderhead", "slug": "thunderhead"}}, {"model": "taggit.tag", "pk": 6055, "fields": {"name": "tibco", "slug": "tibco"}}, {"model": "taggit.tag", "pk": 6056, "fields": {"name": "metrics modeller", "slug": "metrics-modeller"}}, {"model": "taggit.tag", "pk": 6057, "fields": {"name": "spotfire 5", "slug": "spotfire-5"}}, {"model": "taggit.tag", "pk": 6058, "fields": {"name": "spotfire professional", "slug": "spotfire-professional"}}, {"model": "taggit.tag", "pk": 6059, "fields": {"name": "spotfire webplayer", "slug": "spotfire-webplayer"}}, {"model": "taggit.tag", "pk": 6060, "fields": {"name": "togaf", "slug": "togaf"}}, {"model": "taggit.tag", "pk": 6061, "fields": {"name": "tool", "slug": "tool"}}, {"model": "taggit.tag", "pk": 6062, "fields": {"name": "tora", "slug": "tora"}}, {"model": "taggit.tag", "pk": 6063, "fields": {"name": "tornado", "slug": "tornado"}}, {"model": "taggit.tag", "pk": 6064, "fields": {"name": "tortoise", "slug": "tortoise"}}, {"model": "taggit.tag", "pk": 6065, "fields": {"name": "trade finance", "slug": "trade-finance"}}, {"model": "taggit.tag", "pk": 6066, "fields": {"name": "trade marketing", "slug": "trade-marketing"}}, {"model": "taggit.tag", "pk": 6067, "fields": {"name": "trade promotion", "slug": "trade-promotion"}}, {"model": "taggit.tag", "pk": 6068, "fields": {"name": "trade schemes", "slug": "trade-schemes"}}, {"model": "taggit.tag", "pk": 6069, "fields": {"name": "trade settlements", "slug": "trade-settlements"}}, {"model": "taggit.tag", "pk": 6070, "fields": {"name": "trade support", "slug": "trade-support"}}, {"model": "taggit.tag", "pk": 6071, "fields": {"name": "trading", "slug": "trading"}}, {"model": "taggit.tag", "pk": 6072, "fields": {"name": "trading algorithm development", "slug": "trading-algorithm-development"}}, {"model": "taggit.tag", "pk": 6073, "fields": {"name": "trading multiple", "slug": "trading-multiple"}}, {"model": "taggit.tag", "pk": 6074, "fields": {"name": "trading strategies", "slug": "trading-strategies"}}, {"model": "taggit.tag", "pk": 6075, "fields": {"name": "transition management", "slug": "transition-management"}}, {"model": "taggit.tag", "pk": 6076, "fields": {"name": "transport optimization", "slug": "transport-optimization"}}, {"model": "taggit.tag", "pk": 6077, "fields": {"name": "treasury", "slug": "treasury"}}, {"model": "taggit.tag", "pk": 6078, "fields": {"name": "treasury operations", "slug": "treasury-operations"}}, {"model": "taggit.tag", "pk": 6079, "fields": {"name": "treasury reporting", "slug": "treasury-reporting"}}, {"model": "taggit.tag", "pk": 6080, "fields": {"name": "treemapper", "slug": "treemapper"}}, {"model": "taggit.tag", "pk": 6081, "fields": {"name": "trend forecasting", "slug": "trend-forecasting"}}, {"model": "taggit.tag", "pk": 6082, "fields": {"name": "triggers", "slug": "triggers"}}, {"model": "taggit.tag", "pk": 6083, "fields": {"name": "troubleshooting", "slug": "troubleshooting"}}, {"model": "taggit.tag", "pk": 6084, "fields": {"name": "tsql", "slug": "tsql"}}, {"model": "taggit.tag", "pk": 6085, "fields": {"name": "ttl", "slug": "ttl"}}, {"model": "taggit.tag", "pk": 6086, "fields": {"name": "turbo c", "slug": "turbo-c"}}, {"model": "taggit.tag", "pk": 6087, "fields": {"name": "tuxedo", "slug": "tuxedo"}}, {"model": "taggit.tag", "pk": 6088, "fields": {"name": "twig", "slug": "twig"}}, {"model": "taggit.tag", "pk": 6089, "fields": {"name": "twiio", "slug": "twiio"}}, {"model": "taggit.tag", "pk": 6090, "fields": {"name": "twitter api", "slug": "twitter-api"}}, {"model": "taggit.tag", "pk": 6091, "fields": {"name": "tws", "slug": "tws"}}, {"model": "taggit.tag", "pk": 6092, "fields": {"name": "ubervu", "slug": "ubervu"}}, {"model": "taggit.tag", "pk": 6093, "fields": {"name": "ubuntu", "slug": "ubuntu"}}, {"model": "taggit.tag", "pk": 6094, "fields": {"name": "uc4", "slug": "uc4"}}, {"model": "taggit.tag", "pk": 6095, "fields": {"name": "ucp", "slug": "ucp"}}, {"model": "taggit.tag", "pk": 6096, "fields": {"name": "udp", "slug": "udp"}}, {"model": "taggit.tag", "pk": 6097, "fields": {"name": "udt", "slug": "udt"}}, {"model": "taggit.tag", "pk": 6098, "fields": {"name": "uefi", "slug": "uefi"}}, {"model": "taggit.tag", "pk": 6099, "fields": {"name": "uefi driver", "slug": "uefi-driver"}}, {"model": "taggit.tag", "pk": 6100, "fields": {"name": "ug", "slug": "ug"}}, {"model": "taggit.tag", "pk": 6101, "fields": {"name": "ui", "slug": "ui"}}, {"model": "taggit.tag", "pk": 6102, "fields": {"name": "ui design", "slug": "ui-design"}}, {"model": "taggit.tag", "pk": 6103, "fields": {"name": "ui testing", "slug": "ui-testing"}}, {"model": "taggit.tag", "pk": 6104, "fields": {"name": "unica", "slug": "unica"}}, {"model": "taggit.tag", "pk": 6105, "fields": {"name": "unigraphics", "slug": "unigraphics"}}, {"model": "taggit.tag", "pk": 6106, "fields": {"name": "unisys", "slug": "unisys"}}, {"model": "taggit.tag", "pk": 6107, "fields": {"name": "univariate analysis", "slug": "univariate-analysis"}}, {"model": "taggit.tag", "pk": 6108, "fields": {"name": "multivariate analysis", "slug": "multivariate-analysis"}}, {"model": "taggit.tag", "pk": 6109, "fields": {"name": "universe designer", "slug": "universe-designer"}}, {"model": "taggit.tag", "pk": 6110, "fields": {"name": "it recruitment", "slug": "it-recruitment"}}, {"model": "taggit.tag", "pk": 6111, "fields": {"name": "life insurance", "slug": "life-insurance"}}, {"model": "taggit.tag", "pk": 6112, "fields": {"name": "mortgage", "slug": "mortgage"}}, {"model": "taggit.tag", "pk": 6113, "fields": {"name": "risk compliance", "slug": "risk-compliance"}}, {"model": "taggit.tag", "pk": 6114, "fields": {"name": "ux", "slug": "ux"}}, {"model": "taggit.tag", "pk": 6115, "fields": {"name": "v lookup", "slug": "v-lookup"}}, {"model": "taggit.tag", "pk": 6116, "fields": {"name": "vacuum casting", "slug": "vacuum-casting"}}, {"model": "taggit.tag", "pk": 6117, "fields": {"name": "valgrind", "slug": "valgrind"}}, {"model": "taggit.tag", "pk": 6118, "fields": {"name": "valuation", "slug": "valuation"}}, {"model": "taggit.tag", "pk": 6119, "fields": {"name": "value analytics", "slug": "value-analytics"}}, {"model": "taggit.tag", "pk": 6120, "fields": {"name": "investing", "slug": "investing"}}, {"model": "taggit.tag", "pk": 6121, "fields": {"name": "value investing", "slug": "value-investing"}}, {"model": "taggit.tag", "pk": 6122, "fields": {"name": "stream mapping", "slug": "stream-mapping"}}, {"model": "taggit.tag", "pk": 6123, "fields": {"name": "valutation", "slug": "valutation"}}, {"model": "taggit.tag", "pk": 6124, "fields": {"name": "variance analysis", "slug": "variance-analysis"}}, {"model": "taggit.tag", "pk": 6125, "fields": {"name": "varnish", "slug": "varnish"}}, {"model": "taggit.tag", "pk": 6126, "fields": {"name": "vas", "slug": "vas"}}, {"model": "taggit.tag", "pk": 6127, "fields": {"name": "vat", "slug": "vat"}}, {"model": "taggit.tag", "pk": 6128, "fields": {"name": "vb", "slug": "vb"}}, {"model": "taggit.tag", "pk": 6129, "fields": {"name": "vb.net", "slug": "vbnet"}}, {"model": "taggit.tag", "pk": 6130, "fields": {"name": "macro programming", "slug": "macro-programming"}}, {"model": "taggit.tag", "pk": 6131, "fields": {"name": "coding", "slug": "coding"}}, {"model": "taggit.tag", "pk": 6132, "fields": {"name": "form development", "slug": "form-development"}}, {"model": "taggit.tag", "pk": 6133, "fields": {"name": "acces", "slug": "acces"}}, {"model": "taggit.tag", "pk": 6134, "fields": {"name": "exel", "slug": "exel"}}, {"model": "taggit.tag", "pk": 6135, "fields": {"name": "vbe", "slug": "vbe"}}, {"model": "taggit.tag", "pk": 6136, "fields": {"name": "vbscript", "slug": "vbscript"}}, {"model": "taggit.tag", "pk": 6137, "fields": {"name": "vc", "slug": "vc"}}, {"model": "taggit.tag", "pk": 6138, "fields": {"name": "vcp", "slug": "vcp"}}, {"model": "taggit.tag", "pk": 6139, "fields": {"name": "vcs", "slug": "vcs"}}, {"model": "taggit.tag", "pk": 6140, "fields": {"name": "vector canoe", "slug": "vector-canoe"}}, {"model": "taggit.tag", "pk": 6141, "fields": {"name": "vectorwise db", "slug": "vectorwise-db"}}, {"model": "taggit.tag", "pk": 6142, "fields": {"name": "veeva crm", "slug": "veeva-crm"}}, {"model": "taggit.tag", "pk": 6143, "fields": {"name": "velocity", "slug": "velocity"}}, {"model": "taggit.tag", "pk": 6144, "fields": {"name": "vendor management", "slug": "vendor-management"}}, {"model": "taggit.tag", "pk": 6145, "fields": {"name": "equity", "slug": "equity"}}, {"model": "taggit.tag", "pk": 6146, "fields": {"name": "venture capital", "slug": "venture-capital"}}, {"model": "taggit.tag", "pk": 6147, "fields": {"name": "verilog", "slug": "verilog"}}, {"model": "taggit.tag", "pk": 6148, "fields": {"name": "veritas", "slug": "veritas"}}, {"model": "taggit.tag", "pk": 6149, "fields": {"name": "vertica", "slug": "vertica"}}, {"model": "taggit.tag", "pk": 6150, "fields": {"name": "verticatoolspotfire", "slug": "verticatoolspotfire"}}, {"model": "taggit.tag", "pk": 6151, "fields": {"name": "vhdl", "slug": "vhdl"}}, {"model": "taggit.tag", "pk": 6152, "fields": {"name": "video analytics", "slug": "video-analytics"}}, {"model": "taggit.tag", "pk": 6153, "fields": {"name": "video encoding", "slug": "video-encoding"}}, {"model": "taggit.tag", "pk": 6154, "fields": {"name": "video seo", "slug": "video-seo"}}, {"model": "taggit.tag", "pk": 6155, "fields": {"name": "vigilance", "slug": "vigilance"}}, {"model": "taggit.tag", "pk": 6156, "fields": {"name": "vignette", "slug": "vignette"}}, {"model": "taggit.tag", "pk": 6157, "fields": {"name": "vim", "slug": "vim"}}, {"model": "taggit.tag", "pk": 6158, "fields": {"name": "virtualization", "slug": "virtualization"}}, {"model": "taggit.tag", "pk": 6159, "fields": {"name": "viscometer", "slug": "viscometer"}}, {"model": "taggit.tag", "pk": 6160, "fields": {"name": "windows", "slug": "windows"}}, {"model": "taggit.tag", "pk": 6161, "fields": {"name": "visual analytics", "slug": "visual-analytics"}}, {"model": "taggit.tag", "pk": 6162, "fields": {"name": "visual basics", "slug": "visual-basics"}}, {"model": "taggit.tag", "pk": 6163, "fields": {"name": "visual designer", "slug": "visual-designer"}}, {"model": "taggit.tag", "pk": 6164, "fields": {"name": "visual modelling", "slug": "visual-modelling"}}, {"model": "taggit.tag", "pk": 6165, "fields": {"name": "visualforce", "slug": "visualforce"}}, {"model": "taggit.tag", "pk": 6166, "fields": {"name": "vlan", "slug": "vlan"}}, {"model": "taggit.tag", "pk": 6167, "fields": {"name": "vlook up", "slug": "vlook-up"}}, {"model": "taggit.tag", "pk": 6168, "fields": {"name": "vlookup", "slug": "vlookup"}}, {"model": "taggit.tag", "pk": 6169, "fields": {"name": "vmas", "slug": "vmas"}}, {"model": "taggit.tag", "pk": 6170, "fields": {"name": "vms", "slug": "vms"}}, {"model": "taggit.tag", "pk": 6171, "fields": {"name": "vmware", "slug": "vmware"}}, {"model": "taggit.tag", "pk": 6172, "fields": {"name": "vp", "slug": "vp"}}, {"model": "taggit.tag", "pk": 6173, "fields": {"name": "vpn", "slug": "vpn"}}, {"model": "taggit.tag", "pk": 6174, "fields": {"name": "vsam", "slug": "vsam"}}, {"model": "taggit.tag", "pk": 6175, "fields": {"name": "vsm", "slug": "vsm"}}, {"model": "taggit.tag", "pk": 6176, "fields": {"name": "vsphere", "slug": "vsphere"}}, {"model": "taggit.tag", "pk": 6177, "fields": {"name": "vss", "slug": "vss"}}, {"model": "taggit.tag", "pk": 6178, "fields": {"name": "vsts", "slug": "vsts"}}, {"model": "taggit.tag", "pk": 6179, "fields": {"name": "vtiger", "slug": "vtiger"}}, {"model": "taggit.tag", "pk": 6180, "fields": {"name": "vtl", "slug": "vtl"}}, {"model": "taggit.tag", "pk": 6181, "fields": {"name": "vulnerability assessment", "slug": "vulnerability-assessment"}}, {"model": "taggit.tag", "pk": 6182, "fields": {"name": "vxml", "slug": "vxml"}}, {"model": "taggit.tag", "pk": 6183, "fields": {"name": "vxvm", "slug": "vxvm"}}, {"model": "taggit.tag", "pk": 6184, "fields": {"name": "w", "slug": "w"}}, {"model": "taggit.tag", "pk": 6185, "fields": {"name": "wacc", "slug": "wacc"}}, {"model": "taggit.tag", "pk": 6186, "fields": {"name": "wan", "slug": "wan"}}, {"model": "taggit.tag", "pk": 6187, "fields": {"name": "3pl", "slug": "3pl"}}, {"model": "taggit.tag", "pk": 6188, "fields": {"name": "was", "slug": "was"}}, {"model": "taggit.tag", "pk": 6189, "fields": {"name": "wcf", "slug": "wcf"}}, {"model": "taggit.tag", "pk": 6190, "fields": {"name": "wcm", "slug": "wcm"}}, {"model": "taggit.tag", "pk": 6191, "fields": {"name": "wdk", "slug": "wdk"}}, {"model": "taggit.tag", "pk": 6192, "fields": {"name": "web analysis", "slug": "web-analysis"}}, {"model": "taggit.tag", "pk": 6193, "fields": {"name": "web analyst", "slug": "web-analyst"}}, {"model": "taggit.tag", "pk": 6194, "fields": {"name": "web api", "slug": "web-api"}}, {"model": "taggit.tag", "pk": 6195, "fields": {"name": "app testing", "slug": "app-testing"}}, {"model": "taggit.tag", "pk": 6196, "fields": {"name": "application security", "slug": "application-security"}}, {"model": "taggit.tag", "pk": 6197, "fields": {"name": "content management", "slug": "content-management"}}, {"model": "taggit.tag", "pk": 6198, "fields": {"name": "web crawler", "slug": "web-crawler"}}, {"model": "taggit.tag", "pk": 6199, "fields": {"name": "web designing", "slug": "web-designing"}}, {"model": "taggit.tag", "pk": 6200, "fields": {"name": "web dynpro", "slug": "web-dynpro"}}, {"model": "taggit.tag", "pk": 6201, "fields": {"name": "web focus", "slug": "web-focus"}}, {"model": "taggit.tag", "pk": 6202, "fields": {"name": "web intelligence", "slug": "web-intelligence"}}, {"model": "taggit.tag", "pk": 6203, "fields": {"name": "web logic", "slug": "web-logic"}}, {"model": "taggit.tag", "pk": 6204, "fields": {"name": "web marketing", "slug": "web-marketing"}}, {"model": "taggit.tag", "pk": 6205, "fields": {"name": "web marketing analyst", "slug": "web-marketing-analyst"}}, {"model": "taggit.tag", "pk": 6206, "fields": {"name": "web metrics", "slug": "web-metrics"}}, {"model": "taggit.tag", "pk": 6207, "fields": {"name": "report studio", "slug": "report-studio"}}, {"model": "taggit.tag", "pk": 6208, "fields": {"name": "scraping", "slug": "scraping"}}, {"model": "taggit.tag", "pk": 6209, "fields": {"name": "web scraping", "slug": "web-scraping"}}, {"model": "taggit.tag", "pk": 6210, "fields": {"name": "web security", "slug": "web-security"}}, {"model": "taggit.tag", "pk": 6211, "fields": {"name": "web service", "slug": "web-service"}}, {"model": "taggit.tag", "pk": 6212, "fields": {"name": "services testing", "slug": "services-testing"}}, {"model": "taggit.tag", "pk": 6213, "fields": {"name": "web testing", "slug": "web-testing"}}, {"model": "taggit.tag", "pk": 6214, "fields": {"name": "web trend", "slug": "web-trend"}}, {"model": "taggit.tag", "pk": 6215, "fields": {"name": "webapi", "slug": "webapi"}}, {"model": "taggit.tag", "pk": 6216, "fields": {"name": "webdriver", "slug": "webdriver"}}, {"model": "taggit.tag", "pk": 6217, "fields": {"name": "webfocus", "slug": "webfocus"}}, {"model": "taggit.tag", "pk": 6218, "fields": {"name": "webi", "slug": "webi"}}, {"model": "taggit.tag", "pk": 6219, "fields": {"name": "weblogic", "slug": "weblogic"}}, {"model": "taggit.tag", "pk": 6220, "fields": {"name": "webmacro", "slug": "webmacro"}}, {"model": "taggit.tag", "pk": 6221, "fields": {"name": "webmethods", "slug": "webmethods"}}, {"model": "taggit.tag", "pk": 6222, "fields": {"name": "webserivce", "slug": "webserivce"}}, {"model": "taggit.tag", "pk": 6223, "fields": {"name": "rest", "slug": "rest"}}, {"model": "taggit.tag", "pk": 6224, "fields": {"name": "webservice", "slug": "webservice"}}, {"model": "taggit.tag", "pk": 6225, "fields": {"name": "webshare", "slug": "webshare"}}, {"model": "taggit.tag", "pk": 6226, "fields": {"name": "website", "slug": "website"}}, {"model": "taggit.tag", "pk": 6227, "fields": {"name": "website analysis", "slug": "website-analysis"}}, {"model": "taggit.tag", "pk": 6228, "fields": {"name": "hosting website", "slug": "hosting-website"}}, {"model": "taggit.tag", "pk": 6229, "fields": {"name": "website management", "slug": "website-management"}}, {"model": "taggit.tag", "pk": 6230, "fields": {"name": "website promotion", "slug": "website-promotion"}}, {"model": "taggit.tag", "pk": 6231, "fields": {"name": "websockets", "slug": "websockets"}}, {"model": "taggit.tag", "pk": 6232, "fields": {"name": "websphere", "slug": "websphere"}}, {"model": "taggit.tag", "pk": 6233, "fields": {"name": "webtop", "slug": "webtop"}}, {"model": "taggit.tag", "pk": 6234, "fields": {"name": "webtrends", "slug": "webtrends"}}, {"model": "taggit.tag", "pk": 6235, "fields": {"name": "weibull++", "slug": "weibull"}}, {"model": "taggit.tag", "pk": 6236, "fields": {"name": "weighting", "slug": "weighting"}}, {"model": "taggit.tag", "pk": 6237, "fields": {"name": "weka", "slug": "weka"}}, {"model": "taggit.tag", "pk": 6238, "fields": {"name": "wet processing", "slug": "wet-processing"}}, {"model": "taggit.tag", "pk": 6239, "fields": {"name": "risk", "slug": "risk"}}, {"model": "taggit.tag", "pk": 6240, "fields": {"name": "funding monitoring", "slug": "funding-monitoring"}}, {"model": "taggit.tag", "pk": 6241, "fields": {"name": "why analysis", "slug": "why-analysis"}}, {"model": "taggit.tag", "pk": 6242, "fields": {"name": "win", "slug": "win"}}, {"model": "taggit.tag", "pk": 6243, "fields": {"name": "mac", "slug": "mac"}}, {"model": "taggit.tag", "pk": 6244, "fields": {"name": "azure cloud", "slug": "azure-cloud"}}, {"model": "taggit.tag", "pk": 6245, "fields": {"name": "device drivers", "slug": "device-drivers"}}, {"model": "taggit.tag", "pk": 6246, "fields": {"name": "winforms", "slug": "winforms"}}, {"model": "taggit.tag", "pk": 6247, "fields": {"name": "wix", "slug": "wix"}}, {"model": "taggit.tag", "pk": 6248, "fields": {"name": "wlan", "slug": "wlan"}}, {"model": "taggit.tag", "pk": 6249, "fields": {"name": "wms", "slug": "wms"}}, {"model": "taggit.tag", "pk": 6250, "fields": {"name": "wordpress", "slug": "wordpress"}}, {"model": "taggit.tag", "pk": 6251, "fields": {"name": "force management", "slug": "force-management"}}, {"model": "taggit.tag", "pk": 6252, "fields": {"name": "load management", "slug": "load-management"}}, {"model": "taggit.tag", "pk": 6253, "fields": {"name": "workbench", "slug": "workbench"}}, {"model": "taggit.tag", "pk": 6254, "fields": {"name": "workflow management", "slug": "workflow-management"}}, {"model": "taggit.tag", "pk": 6255, "fields": {"name": "hummingbird algorithm", "slug": "hummingbird-algorithm"}}, {"model": "taggit.tag", "pk": 6256, "fields": {"name": "penguin", "slug": "penguin"}}, {"model": "taggit.tag", "pk": 6257, "fields": {"name": "webinar", "slug": "webinar"}}, {"model": "taggit.tag", "pk": 6258, "fields": {"name": "wpf", "slug": "wpf"}}, {"model": "taggit.tag", "pk": 6259, "fields": {"name": "wps", "slug": "wps"}}, {"model": "taggit.tag", "pk": 6260, "fields": {"name": "wql", "slug": "wql"}}, {"model": "taggit.tag", "pk": 6261, "fields": {"name": "sdtm", "slug": "sdtm"}}, {"model": "taggit.tag", "pk": 6262, "fields": {"name": "wsdl", "slug": "wsdl"}}, {"model": "taggit.tag", "pk": 6263, "fields": {"name": "wss", "slug": "wss"}}, {"model": "taggit.tag", "pk": 6264, "fields": {"name": "wunner", "slug": "wunner"}}, {"model": "taggit.tag", "pk": 6265, "fields": {"name": "xml", "slug": "xml"}}, {"model": "taggit.tag", "pk": 6266, "fields": {"name": "xcelsius", "slug": "xcelsius"}}, {"model": "taggit.tag", "pk": 6267, "fields": {"name": "xcode", "slug": "xcode"}}, {"model": "taggit.tag", "pk": 6268, "fields": {"name": "xen server", "slug": "xen-server"}}, {"model": "taggit.tag", "pk": 6269, "fields": {"name": "xendestop", "slug": "xendestop"}}, {"model": "taggit.tag", "pk": 6270, "fields": {"name": "xhtml", "slug": "xhtml"}}, {"model": "taggit.tag", "pk": 6271, "fields": {"name": "xi", "slug": "xi"}}, {"model": "taggit.tag", "pk": 6272, "fields": {"name": "xilinx ise", "slug": "xilinx-ise"}}, {"model": "taggit.tag", "pk": 6273, "fields": {"name": "xir", "slug": "xir"}}, {"model": "taggit.tag", "pk": 6274, "fields": {"name": "xlminer", "slug": "xlminer"}}, {"model": "taggit.tag", "pk": 6275, "fields": {"name": "xlstat", "slug": "xlstat"}}, {"model": "taggit.tag", "pk": 6276, "fields": {"name": "xmega", "slug": "xmega"}}, {"model": "taggit.tag", "pk": 6277, "fields": {"name": "uml", "slug": "uml"}}, {"model": "taggit.tag", "pk": 6278, "fields": {"name": "beans", "slug": "beans"}}, {"model": "taggit.tag", "pk": 6279, "fields": {"name": "oxygen", "slug": "oxygen"}}, {"model": "taggit.tag", "pk": 6280, "fields": {"name": "parsing", "slug": "parsing"}}, {"model": "taggit.tag", "pk": 6281, "fields": {"name": "xpath", "slug": "xpath"}}, {"model": "taggit.tag", "pk": 6282, "fields": {"name": "xpeditor", "slug": "xpeditor"}}, {"model": "taggit.tag", "pk": 6283, "fields": {"name": "yammer", "slug": "yammer"}}, {"model": "taggit.tag", "pk": 6284, "fields": {"name": "yarn", "slug": "yarn"}}, {"model": "taggit.tag", "pk": 6285, "fields": {"name": "zend", "slug": "zend"}}, {"model": "taggit.tag", "pk": 6286, "fields": {"name": "zeromq", "slug": "zeromq"}}, {"model": "taggit.tag", "pk": 6287, "fields": {"name": "zfs", "slug": "zfs"}}, {"model": "taggit.tag", "pk": 6288, "fields": {"name": "zoning", "slug": "zoning"}}, {"model": "taggit.tag", "pk": 6289, "fields": {"name": "zookeeper ", "slug": "zookeeper"}}, {"model": "taggit.taggeditem", "pk": 165, "fields": {"tag": 5013, "content_type": 102, "object_id": 1}}, {"model": "taggit.taggeditem", "pk": 167, "fields": {"tag": 4792, "content_type": 107, "object_id": 15}}, {"model": "taggit.taggeditem", "pk": 168, "fields": {"tag": 4921, "content_type": 102, "object_id": 2}}, {"model": "taggit.taggeditem", "pk": 170, "fields": {"tag": 4921, "content_type": 107, "object_id": 14}}, {"model": "taggit.taggeditem", "pk": 172, "fields": {"tag": 4921, "content_type": 107, "object_id": 16}}, {"model": "taggit.taggeditem", "pk": 173, "fields": {"tag": 5185, "content_type": 107, "object_id": 17}}, {"model": "taggit.taggeditem", "pk": 174, "fields": {"tag": 5013, "content_type": 107, "object_id": 18}}, {"model": "location.country", "pk": 6, "fields": {"country_name": "India"}}, {"model": "location.state", "pk": 19, "fields": {"country": 6, "state_name": "Karnataka"}}, {"model": "location.state", "pk": 20, "fields": {"country": 6, "state_name": "Bihar"}}, {"model": "location.state", "pk": 21, "fields": {"country": 6, "state_name": "Haryana"}}, {"model": "location.state", "pk": 22, "fields": {"country": 6, "state_name": "Delhi"}}, {"model": "location.city", "pk": 19, "fields": {"state": 19, "city_name": "Bangalore"}}, {"model": "location.city", "pk": 20, "fields": {"state": 20, "city_name": "Patna"}}, {"model": "location.city", "pk": 21, "fields": {"state": 21, "city_name": "Gurgaon"}}, {"model": "location.city", "pk": 22, "fields": {"state": 22, "city_name": "Delhi"}}, {"model": "admin.logentry", "pk": 126, "fields": {"action_time": "2016-07-03T21:15:50.505Z", "user": 12, "content_type": 110, "object_id": "6", "object_repr": "India", "action_flag": 1, "change_message": "Added."}}, {"model": "admin.logentry", "pk": 127, "fields": {"action_time": "2016-07-03T21:16:00.139Z", "user": 12, "content_type": 111, "object_id": "19", "object_repr": "Karnataka", "action_flag": 1, "change_message": "Added."}}, {"model": "admin.logentry", "pk": 128, "fields": {"action_time": "2016-07-03T21:16:08.349Z", "user": 12, "content_type": 111, "object_id": "20", "object_repr": "Bihar", "action_flag": 1, "change_message": "Added."}}, {"model": "admin.logentry", "pk": 129, "fields": {"action_time": "2016-07-03T21:16:14.883Z", "user": 12, "content_type": 111, "object_id": "21", "object_repr": "Haryana", "action_flag": 1, "change_message": "Added."}}, {"model": "admin.logentry", "pk": 130, "fields": {"action_time": "2016-07-03T21:16:23.825Z", "user": 12, "content_type": 111, "object_id": "22", "object_repr": "Delhi", "action_flag": 1, "change_message": "Added."}}, {"model": "admin.logentry", "pk": 131, "fields": {"action_time": "2016-07-03T21:16:38.853Z", "user": 12, "content_type": 112, "object_id": "19", "object_repr": "Bangalore", "action_flag": 1, "change_message": "Added."}}, {"model": "admin.logentry", "pk": 132, "fields": {"action_time": "2016-07-03T21:16:44.986Z", "user": 12, "content_type": 112, "object_id": "20", "object_repr": "Patna", "action_flag": 1, "change_message": "Added."}}, {"model": "admin.logentry", "pk": 133, "fields": {"action_time": "2016-07-03T21:16:51.684Z", "user": 12, "content_type": 112, "object_id": "21", "object_repr": "Gurgaon", "action_flag": 1, "change_message": "Added."}}, {"model": "admin.logentry", "pk": 134, "fields": {"action_time": "2016-07-03T21:16:58.461Z", "user": 12, "content_type": 112, "object_id": "22", "object_repr": "Delhi", "action_flag": 1, "change_message": "Added."}}, {"model": "admin.logentry", "pk": 135, "fields": {"action_time": "2016-07-03T21:17:09.899Z", "user": 12, "content_type": 106, "object_id": "24", "object_repr": "Backend Developer", "action_flag": 1, "change_message": "Added."}}, {"model": "admin.logentry", "pk": 136, "fields": {"action_time": "2016-07-03T21:17:13.847Z", "user": 12, "content_type": 106, "object_id": "25", "object_repr": "Data Scientist", "action_flag": 1, "change_message": "Added."}}, {"model": "admin.logentry", "pk": 137, "fields": {"action_time": "2016-07-03T21:17:17.731Z", "user": 12, "content_type": 106, "object_id": "26", "object_repr": "Marketing Manager", "action_flag": 1, "change_message": "Added."}}, {"model": "admin.logentry", "pk": 138, "fields": {"action_time": "2016-07-03T21:17:21.950Z", "user": 12, "content_type": 106, "object_id": "27", "object_repr": "Solution Architecture", "action_flag": 1, "change_message": "Added."}}, {"model": "admin.logentry", "pk": 139, "fields": {"action_time": "2016-07-03T21:17:25.855Z", "user": 12, "content_type": 106, "object_id": "28", "object_repr": "Web Developer", "action_flag": 1, "change_message": "Added."}}, {"model": "admin.logentry", "pk": 140, "fields": {"action_time": "2016-07-04T05:57:01.019Z", "user": 12, "content_type": 107, "object_id": "14", "object_repr": "JobSeeker object", "action_flag": 2, "change_message": "Changed resume and skills."}}]